"","2015","2016","2017","2018","2019","2020","2021","2022","2023","2024","2025","2026","2027","2028","2029","2030","2031","2032","2033","2034","2035","2036","2037","2038","2039","2040","2041","2042","2043","2044","2045","2046","2047","2048","2049","2050"
"0",39103,39442.8096650498,39526.2338007136,39592.1493581953,39640.0608888943,39667.2260614234,39679.1455078383,39668.7586387969,39634.2802013807,39576.7892501081,39493.6927594909,39367.5010309596,39223.2891742333,39043.9117726713,38830.1965791741,38585.0227369486,38305.3791200052,37912.4099921103,37569.6714630924,37181.4314583594,36771.9524525124,36363.9104192794,35966.6171327773,35522.7720818112,35153.3706199098,34788.7615628512,34445.2037336448,34126.4712042365,33731.5067217725,33410.2398313,33099.3683799162,32777.9296225561,32468.0955823711,32169.7173182838,31787.0909979054,31485.0998926573
"1",39303,38779.262861039,37054.0674813946,38216.4348882443,38676.5648694666,38852.2145994474,39185.2360236417,39383.1732064149,37649.1410932218,38443.117846059,38637.3937493549,38787.6108160253,38936.7697856046,36490.3179740549,37155.8900068325,37785.498292104,37674.8842366825,37689.1869934241,37538.8272458585,34820.3997354014,35591.6531326177,35863.7534389072,35520.0608232657,35445.9191731255,35207.4768234328,32774.7873302807,33558.1215073645,33626.9137602009,33403.6031308883,33291.9194464812,33143.0881791747,31166.8923077719,31736.8599992132,31720.0996223882,31552.5325091997,31414.1251124542
"2",39573,39218.193991053,38725.35611797,35789.8662929057,37899.5845667062,38525.2549151796,38736.7795413801,39108.1009445305,39333.5002340122,36744.4087773368,38185.3736943161,38478.1950140424,38681.6660643291,38866.9503947371,35014.2587768593,36383.5774863055,37584.7281453398,37521.5773716972,37594.7873013427,37477.5886178804,33324.387258518,35055.4648781748,35703.7219831296,35380.1413007926,35364.684002889,35155.282619229,31495.747485616,33236.0092134971,33488.1236840658,33293.5858587065,33222.2365293908,33098.4815927992,30149.3117558902,31497.1307714695,31596.9335841243,31461.3502969178
"3",39802,39528.681049683,39198.8818542224,38716.9722719972,35421.122727852,37801.8034869258,38477.0619401697,38700.4003597152,39091.9523492723,39326.3597090467,36488.1651757121,38104.9127588096,38427.5567474491,38651.2032852618,38853.492674296,34548.4895127026,36161.6451950395,37521.4023134128,37472.7969947762,37569.9603429203,37466.7072248907,32839.4082532139,34896.8626672063,35652.9360092765,35335.5837277391,35345.1003140169,35146.7235735014,31098.6652901316,33137.4990116287,33443.9791036155,33258.4246025619,33206.8095845249,33091.7244384866,29858.6366033304,31422.7577619727,31557.6974599075
"4",40014,39772.832855588,39502.8863716919,39187.4522442513,38711.9275279441,35217.1800526301,37745.8826363969,38449.0763802317,38679.1502407804,39082.3609823956,39322.0478096628,36344.9597454535,38058.6967581111,38398.1820313753,38633.3450765519,38845.4710987589,34292.8172509462,36037.1999918928,37484.8562799525,37444.492891859,37555.3538561682,37460.1982462447,32573.94140601,34807.2916684081,35623.5230857805,35309.712850784,35333.5374472099,35141.5855794224,30880.3396294541,33081.3314478665,33418.3721859111,33237.9352179507,33197.6685136029,33087.6536930965,29697.573205482,31380.1425321235
"5",40228,39958.012771326,39750.8928882542,39483.3958845735,39178.5435256079,38707.8717180089,35075.9603932204,37704.9548890919,38428.0190899178,38662.9861078574,39074.8352829648,39318.5581352079,36244.1812053427,38024.6073550727,38376.1220838074,38619.6702631953,38839.1351693499,34117.711164621,35949.148030809,37457.6678764501,37423.2270784554,37544.0943479732,37455.0228201754,32392.8455689711,34743.155996431,35601.4996619738,35290.251690688,35324.5646720429,35137.4730650868,30730.4617466608,33040.4430876036,33399.1429872084,33222.4189188426,33190.5277946987,33084.3737139859,29585.7328575319
"6",40408,40057.769505624,39912.749493241,39732.7355151516,39467.221471966,39171.0105886872,38704.378758373,34964.9921206666,37671.6500647334,38410.5891395871,38649.5175860058,39068.4465083212,39315.5410256494,36164.1693845299,37996.733036405,38357.8836782825,38608.2298424142,38833.7351701916,33981.0835490797,35878.9995954769,37435.3187963693,37405.6402574292,37534.6367277983,37450.5945502824,32251.9048485789,34691.6753597764,35583.3243843664,35274.1454315579,35316.9976910708,35133.9404489572,30613.3423332698,33007.2811217663,33383.2455629319,33209.5250655032,33184.4818413461,33081.545231624
"7",40518,40404.110770408,39922.2728184226,39875.0164189103,39717.1102593157,39453.2490099499,39164.3250764549,38701.1920333479,34875.7452020533,37643.6444326722,38395.5861171115,38637.8156715663,39062.7431402261,39312.7718748328,36099.0005387023,37973.140826866,38342.2106086537,38598.2325501623,38828.8860405146,33872.1179036305,35821.6177373599,37416.2662031738,37390.521122071,37526.3241194754,37446.5944148279,32139.8339622449,34649.1582832057,35567.7448662845,35260.2848441262,35310.3080513192,35130.7303662202,30519.7696217073,32979.5194897895,33369.5849385481,33198.3652702812,33179.105557074
"8",40636,40510.032702552,40400.0711674132,39813.7842815722,39841.8171581152,39702.4554399722,39440.0439285998,39157.6633814167,38697.8444576394,34802.7647407797,37618.5675542787,38381.5079531102,38626.6301398428,39056.995370075,39309.8298642367,36044.3153540532,37951.7367723881,38327.5517680627,38588.5673983388,38823.9435116105,33784.5209824151,35773.0410445515,37398.7287127929,37376.369221122,37518.1960677764,37442.4708332975,32050.2836427912,34612.4541872922,35553.2464931479,35247.2843418439,35303.6923826233,35127.3835669304,30444.2759500908,32954.8840195873,33356.8096932806,33187.7783779932
"9",40725,40620.73224208,40501.8945610623,40395.7291697645,39723.0630797844,39811.4146244364,39688.1811367629,39427.0865726478,39150.7840456409,38694.2068602604,34740.4869334143,37595.2107499628,38367.7887901445,38615.5334815362,39050.9946142493,39306.5979279548,35996.4745272587,37931.5465622804,38313.3118177716,38578.873448557,38818.7267771448,33710.9869792102,35730.1819006717,37381.9529894466,37362.6112412463,37509.9540704642,37438.0707064526,31975.5447851075,34579.4531159096,35539.2305501024,35234.6206622783,35296.9101902797,35123.77313932,30380.6827591595,32932.1370097574,33344.4007932907
"10",40703,40708.77654465,40605.4226943053,40493.326344766,40390.9298339733,39644.1168286506,39782.5712147296,39673.8185396441,39413.9570768295,39143.4651980714,38690.1440459285,34685.2402139992,37572.6910307475,38353.9784580406,38604.1712469646,39044.5435461431,39302.9504328935,35953.0197271953,37911.8433618025,38299.0204160772,38568.8432115125,38813.0598253163,33646.7628294766,35690.9365120153,37365.3623553626,37348.7935388188,37501.336646146,37433.2407835127,31910.626403332,34548.6867390888,35525.2288751287,35221.8779560119,35289.7446704327,35119.7685725731,30324.9585412233,32910.3862882945
"11",40449,40666.184217906,40692.0409223598,40589.5583992912,40484.0206544254,40385.4673646225,39572.7316893272,39754.2339699056,39658.8861871698,39400.2140212061,39135.4361296334,38685.4732169787,34634.3550242318,37550.2201192862,38339.6140109666,38592.1576674767,39037.3949977988,39298.7148325312,35912.0767519071,37891.9529131827,38284.1986568772,38558.1307538793,38806.7168398274,33588.4859633207,35653.6716052031,37348.3978830074,37334.4530587029,37492.0400647914,37427.7801346469,31852.0293029951,34518.9640202056,35510.7720963893,35208.6290352875,35281.9363203679,35115.1953816689,30274.2353476945
"12",40082,40373.625594093,40629.4644022031,40674.1644204781,40572.537573872,40473.5664252878,40379.0421983067,39505.6956401364,39725.3764509753,39642.8132734347,39385.3228679177,39126.3268089781,38679.9249464099,34585.7026910863,37526.9861458887,38324.145778675,38579.0114419281,39029.2044448422,39293.6337837944,35872.0530655758,37871.1516709276,38268.2832646641,38546.2921738777,38799.3773254715,33533.5723155617,35616.9662215928,37330.4324072641,37319.043935223,37481.6644426398,37421.3991098395,31797.0969747388,34489.1891009675,35495.3161748775,35194.3674280104,35273.1353824805,35109.7985624059
"13",39680,40073.478085816,40300.8472891246,40591.50218088,40654.3920176926,40553.6294730414,40461.41447981,40371.2279249233,39440.3815056257,39694.925082833,39624.901104328,39368.6189617096,39115.6349532827,38673.1114389507,34537.4539065471,37502.0990367435,38306.9001813436,38564.1209079868,39019.4972962587,39287.3333639662,35831.486078205,37848.6192067199,38250.5888141165,38532.7519021869,38790.59407763,33479.8891238467,35579.4838523824,37310.7295543613,37301.9007606486,37469.6816294808,37413.6885053957,31743.6663094751,34458.2741989791,35478.2061546498,35178.4730181813,35262.8720993708
"14",39197,39664.48881024,40062.9325897638,40228.1045821745,40550.9690898708,40631.8572881972,40531.9890019602,40446.8842598719,40361.4672924055,39374.5274667816,39661.7614019436,39604.3372467762,39349.3208977493,39102.7303141553,38664.5209420336,34487.9675719288,37474.6002476038,38287.093521991,38546.7556385984,39007.6709548621,39279.3152121,35788.9922647629,37823.4510861032,38230.3215101298,38516.8125596333,38779.7927591279,33425.5862502828,35539.9370070241,37288.4574740148,37282.2521336305,37455.4428881738,37404.1171859475,31689.8821268243,34425.1282681529,35458.6894160531,35160.2247481587
"15",38693,39172.416386343,39645.7829183236,40049.6907489066,40153.161956568,40506.5719424647,40605.6355190962,40506.7095246756,40429.2088501097,40349.1046153353,39306.1303688643,39624.7631261286,39580.2467601201,39326.5808858532,39086.89574172,38653.5459404352,34435.7482711011,37443.5076467276,38263.8813206627,38526.1145833423,38993.0332873286,39268.9825918368,35743.2659935389,37794.7066627455,38206.6289182894,38497.7012105438,38766.307629113,33369.0162198779,35497.0961362976,37262.737424876,37259.2688927867,37438.2218119199,37392.0639336091,31634.105811059,34388.6823504303,35435.9617081089
"16",38194,38660.664066435,39143.4402365627,39623.0932799474,40033.0458971829,40074.0683786054,40457.1073016306,40574.8173035401,40476.8964649453,40407.6044916304,40333.4459751653,39233.4261732762,39582.8675470772,39551.7642208478,39299.5559740811,39067.3928660469,38639.5386684573,34379.4561878381,37407.8796998796,38236.42801894,38501.3952650728,38974.8664331201,39255.6945178935,35693.113366009,37761.4760448593,38178.6693454536,38474.6377767164,38749.4429284736,33308.723412921,35449.8294454809,37232.7109992708,37232.1319985111,37417.2798440321,37376.8746041821,31574.8967929922,34347.9380205853
"17",37666,38137.324649086,38622.9940432246,39109.294317628,39595.7036978484,40012.3430076624,39989.134356158,40401.5122371186,40538.5882926187,40441.7476637927,40381.3569239808,40313.8448480906,39154.8811679447,39535.1326275417,39518.1129074687,39267.4882044987,39043.5459341045,38621.8923389032,34317.9191615471,37366.8795414921,38203.9836450373,38471.8737427324,38952.5102158848,39238.8470337102,35637.4839712518,37722.9486150344,38145.6880147235,38446.9160307055,38728.5558937508,33243.4406466423,35397.1395131802,37197.6112013538,37200.1068174047,37391.9457637853,37357.941759497,31511.0035053114
"18",37120,37578.372084964,38073.912193899,38579.3393613864,39069.358448375,39563.0469828408,39987.0614888194,39896.9191723979,40338.9066193771,40496.2979913873,40400.6233807536,40349.9007353268,40289.7861501929,39069.1898099464,39480.7880691183,39478.6739493414,39229.7747271399,39014.8198013577,38600.122182361,34250.1449775383,37319.8286240818,38165.9506624231,38436.9755213416,38925.4415322482,39217.9561538329,35575.4979135064,37678.4709197945,38107.083052625,38413.9763278209,38703.1362899042,33172.0900837652,35338.1943912087,37156.8232767193,37162.6075845284,37361.6880517055,37334.7823385882
"19",36577,37090.43054208,37482.7846938805,38003.0767082579,38529.2405785058,39023.2030413155,39524.7423968194,39956.8585415098,39796.2645915131,40268.6253525413,40447.4939588556,40353.080694771,40312.858638754,40260.9312096989,38975.3077970472,39419.2665388978,39433.0203370423,39186.0022229589,38980.8591954023,38573.9096113894,34175.3501959392,37266.2367903802,38121.9170021739,38396.3101237274,38893.3143412286,39192.7037510834,35506.4749372381,37627.577478769,38062.4381278685,38375.4412706397,38672.8476798814,33093.8114148878,35272.3561546204,37109.9156484078,37119.2294936628,37326.1506975197
"20",35987,36534.065112706,37056.0168166389,37378.3740731831,37924.347026346,38472.4519840539,38970.6150216882,39480.6274484643,39921.6071624576,39686.2685121075,40190.2289027659,40391.9482243518,40298.9005906231,40270.0752871993,40227.1571599867,38872.4332905983,39350.2198698861,39380.9438285286,39135.9747078729,38941.522557905,38543.1410166661,34092.9536316689,37205.8206554969,38071.6820747758,38349.6998061679,38855.9948837455,39162.9778881526,35429.9371088504,37570.0115747703,38011.5481152174,38331.1456884197,38637.5634244609,33007.9479988566,35199.1863324767,37056.662659683,37069.7736140084
"21",35252,35932.99502884,36485.6204308896,37016.8345255773,37264.5105001897,37837.4645469207,38408.938620995,38911.5944539146,39430.7544933751,39881.3938481116,39566.2760077319,40103.5009609684,40329.6537825947,40238.0845122692,40221.613916168,40188.554938613,38760.0003360632,39273.5165325051,39322.4515095648,39079.7100911147,38896.8790618481,38507.9063417881,34002.5728365689,37138.5009644843,38015.2534078267,38297.1761723624,38813.5588529172,39128.8720255991,35345.6066308242,37505.7223345137,37954.4157701,38281.1333177384,38597.364207998,32914.0417071177,35118.4436933307,36997.0415281099
"22",34421,35183.289233988,35873.2584368523,36431.8729161486,36973.1261948913,37140.7870337685,37742.3648094651,38338.8483766239,38846.3245734051,39375.3575166338,39836.4834503806,39435.8673424928,40008.4270698947,40260.793923485,40170.8231740079,40167.7219410005,40145.3940783397,38637.6662943226,39189.2176573028,39257.7350514173,39017.4089828092,38847.1749183202,38468.4653118598,33904.0113808239,37064.3780501959,37952.8170035687,38238.9488776297,38766.2574673872,39090.6506695024,35253.3896603595,37434.838469599,37891.2223130678,38225.6247939616,38552.5041512657,32811.8220160058,35030.0673922891
"23",33469,34319.512125391,35108.4806597044,35808.0991111858,36373.165029561,36925.2655922258,37006.9808859824,37639.1451408083,38262.4785024843,38775.1369743861,39314.8154238045,39787.2809316333,39294.8175095634,39905.1606386413,40185.7063752547,40097.4606457948,40108.7932016756,40098.0837350532,38505.2739443884,39097.5435744921,39187.1355895257,38949.419469908,38792.7966040224,38425.2101000038,33797.227815139,36983.6997590434,37884.7032347037,38175.3706216057,38714.4805948874,39048.7115222093,35153.3457580051,37357.6357412219,37822.29351906,38164.9825160198,38503.3738423404,32701.1743507334
"24",32376,33429.662813292,34210.2918567495,35027.9268137498,35737.9227924368,36309.9301366644,36873.7075085342,36863.052632788,37528.0437941389,38180.2367485663,38698.4689123537,39249.6026027573,39734.2761966143,39143.0944428208,39793.9968725554,40104.839553116,40018.4499228085,40045.3162233788,40047.1165444467,38362.8465940691,38998.842451299,39111.0994971659,38876.1921074912,38734.2195975287,38378.6107718096,33682.3257236717,36896.8281549401,37811.3440909388,38106.8915272586,38658.7045265509,39003.5295076657,35045.6707084149,37274.5006190079,37748.0575855217,38099.6632629385,38450.4476052006
"25",31294,32325.580078176,33387.9360084574,34093.6007564879,34942.045728095,35663.1892922377,36242.6484896999,36818.9422725317,36709.1049680677,37409.3977578425,38092.5962295637,38616.8168843798,39180.2410582841,39677.9951771098,38980.8155498831,39675.3277118037,40018.7048652238,39934.3050490414,39977.8250888207,39993.0192174395,38210.5453641966,38893.5454206851,39030.1316207646,38798.2331740675,38671.9608468746,38329.1681832315,33559.516326392,36804.1964540475,37733.2279714821,38034.0130117781,38599.4444050886,38955.6088742314,34930.6572305076,37185.8864204318,37669.0000166136,38030.1720298244
"26",30309,31229.817508112,32272.6207247525,33344.2432198793,33969.7750146244,34851.2879573618,35584.3768179257,36171.8096599988,36761.4565634101,36545.3623534479,37283.6128851437,38000.0584950247,38530.6980230645,39107.2593572007,39618.9574548478,38808.2256891679,39549.6086199093,39927.8367131712,39845.5610396462,39906.8574531687,39936.3098360636,38048.6461753827,38782.1316705568,38944.7559009233,38716.065189501,38606.5377891436,38277.3729050488,33429.0955218305,36706.2748409199,37650.8615420059,37957.2486210103,38537.213184236,38905.4416463451,34808.668232579,37092.2777563856,37585.6257497858
"27",29339,30240.88567503,31162.7746163081,32217.5199689403,33298.9674061081,33839.1911910347,34756.1004119795,35501.9452531832,36097.8759640979,36701.6979483727,36372.13656844,37151.1259023088,37903.1141137943,38440.610399815,39031.1536192326,39557.6384812537,38625.6605411406,39417.3179870979,39832.7514448431,39752.7329556288,39832.9148750377,39877.4603288701,37877.503022448,38665.0883994211,38855.4754764128,38630.1873043651,38538.4304515683,38223.6697891404,33291.4108052429,36603.5322157389,37564.7311299355,37877.0855309729,38472.4842311855,38853.472029732,34680.1014070106,36994.1521385641
"28",28420,29252.124785863,30170.1637652135,31093.2270628954,32160.6182872617,33252.4268046222,33702.2455747266,34656.8992373787,35416.307780361,36021.2536740318,36640.0466196675,36189.8129046714,37012.3795614111,37802.2127264525,38347.0024008902,38952.3563163404,39494.4396552682,38433.5314456474,39278.9291838178,39733.9154743345,39656.2840401245,39756.4313765228,39816.8666076553,37697.5309834045,38542.8815491064,38762.7414832772,38541.0444000321,38468.0512230317,38168.4298207055,33146.8430535696,36496.407879114,37475.2726761155,37793.9541535933,38405.6614887418,38800.0683598153,34545.3669241577
"29",27568,28287.90787564,29161.9924076697,30097.128617195,31021.471668141,32102.1877503358,33204.8664238548,33559.3325167545,34554.0517697709,35327.8147875092,35942.2784081378,36576.8039572795,35998.825220326,36867.7997686875,37697.7443080657,38250.2549845709,38871.2213237507,39429.6765151437,38232.2990094265,39134.8872229878,39631.7268766376,39556.6076925956,39677.7588454598,39754.8374242082,37509.1806605929,38415.9344789492,38666.9355689526,38449.010235975,38395.7315944769,38111.9401247181,32995.7846030637,36385.2922660523,37382.8547937432,37708.2124081814,38337.0667882002,38745.5135624981
"30",26756,27525.645379408,28150.4260974527,29068.8646930715,30022.0091035879,30947.7363908968,32042.4255471672,33156.45469155,33410.8214629068,34447.8605343044,35236.7410587718,35861.2045968278,36512.185802606,35799.6262609517,36717.7721563768,37590.0233429851,38150.66765345,38788.0135485139,39363.5725047474,38022.4418054669,38985.585554083,39526.500163395,39454.0128046387,39597.1574858189,39691.5890680597,37312.9083589368,38284.6075324724,38568.3561887333,38354.3743029168,38321.7137237511,38054.3995178686,32838.6150233609,36270.5094401905,37287.7655587014,37620.1339427205,38266.9325748472
"31",25977,26702.284574132,27482.5757818777,28007.8749295344,28972.9408697104,29944.9570167834,30872.1683010207,31981.4424028659,33107.2730260204,33257.0517989033,34338.5508932877,35143.2720794393,35778.1916818401,36446.3097137128,35592.6930726819,36562.6339879147,37479.2747140514,38048.4438169379,38702.894183694,39296.2455226981,37804.4614659651,38831.3554197987,39418.4512340253,39348.7087424807,39514.780984883,39627.2319744887,37109.1784614065,38149.1857256089,38467.2035780508,38257.3271884775,38246.1363680577,37995.9062906416,32675.6989434665,36152.3043577121,37190.1980557506,37529.893662169
"32",25262,25908.294835458,26647.4748506626,27438.7986220193,27860.5296166877,28874.3460678225,29866.0446586398,30794.8327476224,31919.2678883379,33057.3255399261,33098.298430715,34226.2591961623,35047.5001263742,35693.304773594,36379.2021076873,35378.4674156891,36402.6430678598,37365.6246977272,37943.685835594,38615.9232072465,39227.7168787236,37578.8205097121,38672.438408394,39307.6914959176,39240.8002995276,39430.6806096138,39561.7809435079,36898.4077163678,38009.8592151103,38363.575855119,38157.9578746394,38169.040380059,37936.4688004844,32507.3458676663,36030.829035992,37090.2465720207
"33",24625,25189.975031822,25837.9618206428,26591.5337267662,27394.257110461,27708.6257067797,28773.1329380484,29785.2659377855,30715.7143861737,31855.8517402331,33006.5406946482,32934.7766844976,34111.0347490392,34949.4254801081,35606.5160033308,36310.7997855115,35157.3654381587,36237.9821188076,37249.1026500667,37836.3966110185,38527.0606695371,39157.9129217852,37345.9523754081,38508.9901209097,39194.2294120301,39130.2894944264,39344.8067778629,39495.15692631,36680.9741077195,37866.7261344315,38257.4705291997,38056.2552787264,38090.3701327626,37876.0072877784,32333.8161291759,35906.1446763904
"34",24087,24525.43437775,25116.1840731432,25765.9313191144,26534.3609719584,27348.8356789394,27552.3514961525,28669.2825297052,29702.5399827467,30634.7213168217,31791.0694252874,32954.7779891646,32766.6360535465,33992.841241631,34848.9603858644,35517.7096849473,36240.9567609617,34929.7627716936,36068.7544023489,37129.6438466403,37726.4836571741,38436.1728291587,39086.6726567012,37106.2459609403,38341.077253291,39077.9744283153,39017.0796582454,39257.0154908105,39427.1947266404,36457.203695905,37719.7921420792,38148.7887451778,37952.1128900184,38009.9802161456,37814.361396721,32155.3126411653
"35",23662,23932.591298154,24423.2204606569,25040.5062226344,25692.0725555421,26475.8000353087,27302.3683388419,27391.8283829202,28562.7029237598,29617.7155284691,30551.6904079965,31724.7308417623,32901.8380826569,32593.9434629893,33871.5565857015,34745.9335118119,35426.6893382804,36169.4542955372,34695.9576800598,35894.9707071816,37007.0914792518,37613.7636015941,38343.0406371276,39013.7589704071,36860.007317175,38168.6676659506,38958.7413540146,38900.9802409289,39167.0779038631,39357.6548542325,36227.33792774,37568.9660075386,38037.3405685473,37845.3347722108,37927.6452395902,37751.3018273266
"36",23345,23618.243141148,23774.2022498408,24318.2487508436,24962.7605590764,25616.1942050663,26415.6383070903,27254.6385842332,27227.1098142858,28453.2299953217,29530.5715313937,30466.3879803107,31656.5804411874,32847.4627612441,32416.682898569,33746.9736811667,34640.0906576238,35333.178430744,36096.0011869065,34456.168087612,35716.549371036,36881.1975728479,37497.9631607793,38247.3604487838,38938.8588734129,36607.4567012805,37991.630812595,38836.2511363647,38781.7078904612,39074.680769567,39286.2235050656,35991.5314318907,37414.0604071204,37922.8457010089,37735.6363226854,37843.0601809338
"37",23124,23287.020894935,23573.0959955087,23611.8947487904,24210.3529611479,24882.7116260578,25538.0497760348,26353.6116411188,27205.3829384529,27058.186889488,28340.6342191599,29440.82348821,30378.5159101063,31586.302452729,32791.3386994887,32234.7628081434,33618.8085470991,34531.1024018274,35236.8272558195,36020.2392900153,34210.5362674257,35533.3250442907,36751.6315653778,37378.7272875125,38148.7510275801,38861.589030192,36348.7337572964,37809.7470958119,38710.1395373183,38658.8947535478,38979.4333827394,39212.5178354232,35749.8580880221,37254.8011734354,37804.9417534278,37622.6522049142
"38",22989,23048.607019128,23227.0363002651,23526.2903876086,23445.6719918687,24099.313581492,24800.0748717293,25457.3433840726,26289.4101847049,27154.2962078795,26884.9851893789,28224.6259140351,29348.1299975637,30287.7186575291,31513.5276434642,32733.1038068915,32048.0157384374,33486.7067335565,34418.5716856361,35137.2209553481,35941.7510445214,33959.1183495529,35345.0507621438,36617.9879323535,37255.6274763918,38046.7622491454,38781.503689304,36083.8868145415,37622.7117671754,38579.9656994445,38532.0971353745,38880.8763021561,39136.093775325,35502.3033337109,37090.8331444776,37683.1927153432
"39",22920,22907.908325532,22970.5347952526,23164.7361395976,23477.5271632067,23275.4633531267,23984.8582536125,24714.5218550437,25373.7354095516,26222.685216741,27101.0384595727,26707.3530811144,28104.858326721,29252.099365088,30193.5903340467,31437.8416986635,32672.3553233301,31856.1899686819,33350.2478678299,34302.0412437586,35033.8881158854,35860.0690303791,33701.8587732349,35151.393179005,36479.7926345824,37128.1696413384,37940.8846918959,38698.1049575947,35812.8465236261,37430.1329191707,38445.2198452039,38400.8035997053,38778.4914461131,39056.4561294626,35248.7426525919,36921.7223125637
"40",22750,22797.05489676,22823.7342930615,22889.4398489168,23099.7768452434,23426.4768533847,23101.1297834798,23866.666748429,24625.6836526466,25286.8457168838,26153.0510597067,27045.2356327159,26525.0679449842,27980.9326519958,29152.2933082055,30095.6781667948,31358.7870330414,32608.6503075077,31658.9568920697,33208.9514719779,34180.998155834,34926.3044407003,35774.6777071815,33438.5978829929,34951.9405183625,36336.508764264,36995.7990657035,37830.5531683251,38610.8442137448,35535.4340546444,37231.5396009305,38305.3288777462,38264.4403108801,38671.7051752934,38973.0597769878,34988.9497610868
"41",22517,22566.32566825,22670.0814105958,22736.100533931,22804.942932368,23031.7812661128,23372.7782848912,22922.4719985451,23744.37523681,24533.1525231934,25196.2550610793,26080.0846487703,26986.4775865041,26337.8446255545,27852.4019580495,29048.22845424,29993.483656845,31275.8619193288,32541.5029660983,31455.9196752152,33062.2810161604,34054.8760492276,34813.8934662581,35685.0118761028,33169.0844225472,34746.2107750759,36187.5401246292,36857.9029960307,37715.1468666937,38519.1200605655,35251.3742422292,37026.3895733339,38159.6590364648,38122.373321356,38559.8878733642,38885.3070612674
"42",22195,22459.387418358,22378.1662908486,22538.7064298747,22644.5926402796,22716.6279858544,22960.3370721656,23316.0362845401,22739.2312473494,23617.5762839904,24436.4810095323,25101.5038636232,26003.3234746647,26924.3153148426,26145.3360779552,27718.7709240679,28939.3750110655,29886.4610284345,31188.5178510225,32470.3810707531,31246.6140303311,32909.6433752616,33923.0536084616,34696.02451973,35590.4534818384,32892.9767047119,34533.6523247464,36032.2302589846,36713.8090514524,37593.9869950996,38422.2746340842,34960.2967358418,36814.0696289466,38007.5145297438,37973.9071871061,38442.3512812238
"43",21792,22118.34446265,22398.3382665586,22185.2183396076,22402.5144706369,22548.7656154579,22624.0489809103,22885.0045506369,23255.8295456981,22551.0806629379,23485.8220448186,24335.1890588619,25002.100000609,25922.2745478328,26858.269942451,25947.1275530788,27579.5014244063,28825.1657386449,29774.026697609,31096.1702402801,32394.7167704407,31030.5052609761,32750.3963095594,33784.8648268974,34572.0241201308,35490.3439424756,32609.8274813214,34313.6441238381,35869.8718759838,36562.7961599406,37466.3493190254,38319.6067814127,34661.7205590283,36593.8982628876,37848.1485272229,37818.2961912785
"44",21323,21698.286903552,22037.3767901644,22333.4152943961,21987.1133470336,22261.0512839305,22448.1454694453,22526.7313853543,22805.3171797612,23191.7105492202,22357.6319003432,23348.6273607049,24228.765680014,24897.5202166424,25836.4148419201,26787.8324643142,25742.7429374927,27434.0155829444,28704.9975429031,29655.5607878676,30998.1988328981,32313.9059142214,30806.9947037167,32583.8517672191,33639.6010571471,34441.1773061218,35383.9842083668,32319.0943687527,34085.5017628607,35699.7099386272,36404.0969154086,37331.465328587,38210.3719140118,34355.0649897174,36365.1313615215,37680.765771628
"45",20839,21214.263233562,21599.5238525709,21951.6129392282,22264.1517802069,21783.4316329402,22113.8276209148,22342.227958162,22424.1704662596,22720.7783934981,23123.201099864,22158.4474670938,23205.4723033282,24116.6673705354,24787.2080435921,25745.1873137149,26712.4583346569,25531.6556117626,27281.6966885309,28578.2290975042,29530.4041198299,30893.942528767,32227.3015442363,30575.429122135,32409.2762219226,33486.5086455993,34302.7236700277,35270.6285365487,32020.1597780045,33848.4849541445,35520.9406066342,36236.895118926,37188.5173241353,38093.7750274763,34039.6703081731,36126.968115906
"46",20337,20682.794919605,21099.8477324508,21495.1991459411,21860.5428094659,22190.0538777993,21573.7094883344,21960.3242211182,22230.4823666557,22315.8350157205,22630.8645710512,23049.7946481164,21953.0477218789,23055.8069853248,23998.3220121814,24670.5777107112,25648.0040717009,26631.5700991616,25313.2957696999,27121.8944229948,28444.1852573371,29397.8625707757,30782.7030188431,32134.2165931836,30335.1086952694,32225.8966616049,33324.7942920741,34155.8621499784,35149.4884590246,31712.341656817,33601.8055563745,35332.7175577836,36060.3316809076,37036.6433985549,37968.9745635453,33714.809004263
"47",19835,20129.816873511,20520.1167126379,20979.2179195787,21384.7702902191,21763.6241585017,22110.5937801489,21357.4450025489,21799.9902249952,22112.3462265565,22201.1617724328,22535.0184918359,22970.9490914557,21740.9155973668,22899.0488013902,23873.1232222119,24547.0079924502,25544.2388644118,26544.5488872319,25087.0532020389,26953.9202315335,28302.1499578034,29257.1994427641,30663.7355057856,32033.9138135361,30085.287669163,32032.8946385921,33153.6169540209,33999.7417838343,35019.7219606551,31394.9018462161,33344.6263419299,35134.1443285007,35873.4958904025,36874.9270802958,37835.0707858041
"48",19353,19754.94427386,19915.972413943,20350.4134800937,20851.8116326543,21267.6699825909,21660.2915591784,22025.2214388641,21134.0749817304,21632.2377742146,21987.2308125078,22079.5617911845,22432.6593900019,22886.0992983241,21521.4756224671,22734.5799327268,23740.436618201,24415.8496712423,25433.2390565716,26450.7493173437,24852.2590307126,26777.0484722045,28151.3749520601,29107.6456211729,30536.2639041892,31925.6239046694,29825.1589599072,31829.4092310518,32972.0971548389,33833.4748865734,34880.4516431728,31067.0123297228,33076.0494148333,34924.2807062563,35675.4351985975,36702.4128226905
"49",18896,19250.106001665,19668.9484332931,19694.9085257795,20173.1126190914,20717.048313291,21143.3121101288,21549.9597739532,21933.3651867777,20903.0070945711,21456.4582552898,21854.5279803004,21950.4265595466,22323.1856567494,22794.6573164251,21294.1242820162,22561.7615910896,23599.6068287939,24276.4318246481,25314.3281091879,26349.4991288498,24608.2152896757,26590.5297010485,27991.0869911746,28948.4059003355,30399.4830005008,31808.544660405,29553.8837493848,31614.5513290664,32779.3262174604,33656.1430209817,34730.7662310785,30727.8023712809,32795.1440199793,34702.1557151997,35465.165503528
"50",18449,18779.283073824,19140.2870729416,19576.4590387305,19466.0548900993,19987.6203845773,20574.3172973864,21011.0774595264,21432.0070173287,21834.4129194043,20663.6354099983,21272.0183255627,21713.5961062582,21813.1132077556,22205.9570768656,22695.9926253662,21058.2428578129,22379.9268333637,23449.9418982228,24128.0449754625,25186.7848034718,26240.076325391,24354.2031147937,26393.5781413524,27820.4682161347,28778.637829191,30252.5329636582,31681.8131203862,29270.5942874119,31387.3874048119,32574.3441427888,33466.7715828843,34569.6910499137,30376.3811861429,32500.9437350428,34466.747256709
"51",18002,18307.691065236,18654.9811024508,19022.9600416484,19476.8966722457,19228.8080635942,19793.3147305327,20422.9812811344,20870.3197552545,21305.7837049363,21727.7234057218,20415.3193667764,21078.2555097746,21563.7656053374,21666.950778104,22080.3044466866,22589.4441999551,20813.17833571,22188.3788299911,23290.7196536267,23969.9485183335,25049.8548833185,26121.7233475337,24089.4663756552,26185.3735351082,27638.6649060803,28597.4618284014,30094.5140309057,31544.5230880466,28974.3803223536,31146.9431936514,32356.1490029157,33264.3425941488,34396.2055789671,30011.8070790432,32192.4367493767
"52",17548,17801.5612315,18157.9891486263,18522.4982956112,18897.5206837689,19369.6562559076,18982.5651781755,19589.5655552136,20262.38537206,20720.3719967071,21170.6155732612,21612.625896995,20157.418394336,20874.496334804,21404.3463466271,21511.2468047435,21945.5320092231,22474.3194468922,20558.2764059745,21986.4068484764,23121.1952392879,23801.3773625037,24902.7528419475,25993.6452205019,23813.2441240273,25965.0758566305,27444.7950388618,28403.9675696106,29924.4875803541,31395.7221469824,28664.3219436497,30892.219474258,32123.7067318465,33047.8007052334,34209.243386921,29633.1383552896
"53",17070,17456.70767062,17591.9351020812,17999.283820286,18381.2136796868,18763.3382712282,19254.1036273253,18726.7038518499,19375.7204117136,20091.8484239431,20560.5391911989,21025.7982314797,21488.4167527569,19889.2710908009,20660.0427811943,21234.6196618846,21345.2797700848,21800.9122480687,22349.89118635,20292.8611426369,21773.2735666658,22940.592762488,23621.5339409402,24744.6566198093,25855.0064501251,23524.7496004937,25731.8124179844,27237.9390902627,28197.2053755145,29741.4704616697,31234.4083521419,28339.4670619025,30622.1776708858,31875.9398584419,32816.0439807384,34007.6865273667
"54",16563,16955.54199702,17357.7833187805,17372.5160851738,17830.9408025444,18230.4791618678,18619.7529696712,19129.5717048352,18460.5887758313,19151.1069271993,19910.6617823875,20390.0962278063,20870.5939048931,21354.3550117156,19610.2018242923,20434.1738677827,21053.8363703504,21168.2968556954,21645.6822969505,22215.392737225,20016.2410758429,21548.2157138929,22748.1029973206,23429.5855923515,24574.7031669387,25704.9251960989,23223.1756020989,25484.6774012508,27017.1369433006,27976.1825116863,29544.42935347,31059.5229642428,27998.8361332004,30335.7387089955,31611.7242093237,32567.9191812844
"55",16020,16421.47098693,16832.3825013714,17250.6162257081,17142.6949830205,17652.316339626,18069.6343605641,18466.0911122001,18995.376095053,18183.5836722234,18915.0471466776,19718.1054338088,20208.3044915492,20704.2485511398,21209.6796408896,19319.5336670635,20196.1612082599,20861.2340224968,20979.5312991951,21479.0616487199,22070.0358674678,19727.7226935001,21310.4608900278,22542.9019826294,23224.6836276175,24392.0085816211,25542.4938716202,22907.7108235612,25222.7521306667,26781.409991928,27739.8861343143,29332.3047823765,30869.9752369609,27641.4424974818,30031.8074000649,31329.914697339
"56",15443,15866.08549506,16270.2388785438,16699.8817062772,17134.5571848525,16901.8775581549,17462.754381027,17897.9967944739,18301.6520112011,18850.7955252397,17895.0854248309,18666.870833046,19513.4425415449,20014.4014651673,20525.9755092729,21053.5866005886,19016.6229112125,19945.2779501746,20656.0275081996,20778.1914716003,21300.2336184627,21912.9858012154,19426.6420563856,21059.2319731476,22324.1400486073,23005.9502128581,24195.6453998004,25366.749074589,22577.568148067,24945.1033541701,26529.7457785505,27487.2650663242,29103.9821512828,30664.6047931134,27266.3169985267,29709.2675904966
"57",14837,15257.476538738,15701.9428441065,16108.6618208304,16557.3753866216,17008.9286848546,16649.4632454155,17261.5820535372,17714.8628446571,18125.7114954095,18695.080319629,17594.4901147248,18405.8976746873,19295.9162066517,19807.6013010492,20334.9606990797,20885.2392798961,18700.8244087517,19680.7839384018,20437.4085540987,20563.4615582163,21108.3520401281,21743.3729582611,19112.3322368831,20793.7354558435,22090.941992363,22772.4799635808,23984.651532525,25176.686145106,22231.9535118973,24650.7749821097,26261.0999750205,27217.2337476571,28858.3037963509,30442.2002101592,26872.477925923
"58",14216,14589.635073058,15060.995745067,15526.9430110011,15936.0902744384,16404.1864502003,16873.0354579215,16384.8586538844,17048.1236727513,17519.5214949407,17937.5355063662,18527.4651836795,17281.2062306125,18131.4524881114,19064.7650428516,19587.110332948,20130.3776140428,20703.7823478539,18371.5056960373,19401.9421240246,20204.5618271443,20334.5176214906,20902.5564996465,21560.3070431534,18784.1380772242,20513.1786625974,21842.4243514116,22523.3576635491,23758.0471831574,24971.2750765423,21870.0837155687,24338.8082825608,25974.4167905004,26928.6930474564,28594.0891429876,30201.5177824357
"59",13592,14088.413731424,14330.9691884839,14852.9680456706,15340.4413834555,15751.8547124485,16239.6043630302,16726.1376807315,16107.5048110334,16821.6990352398,17311.2429411858,17736.3641801586,18347.1443313737,16954.7030003213,17842.8856350596,18819.2180183866,19352.1150344324,19911.3672382746,20508.3124729093,18028.0961237275,19108.0329678753,19956.6546417547,20090.5151633839,20681.9493924626,21362.8450522314,18441.4614882193,20216.7782465696,21577.6830941634,22257.6427886148,23514.8065228907,24749.4217535575,21491.2275336512,24008.24240966,25668.61089058,26620.5083469495,28310.0978251496
"60",12976,13439.700063328,13950.7849334286,14060.5519112258,14632.8127785835,15141.792930295,15555.2827021985,16062.9068306195,16567.4756963639,15816.869064083,16581.6349197814,17089.2961705754,17521.4322053597,18153.2968073605,16614.4878783978,17539.5707643577,18558.5092937512,19101.801309505,19677.0621357895,20297.9072565186,17670.0645527125,18798.3569691826,19692.8556266639,19830.6090507104,20445.6219065603,21150.0220023304,18083.7422247212,19903.7673072914,21295.8144025017,21974.3925606703,23253.8884165898,24510.0043118158,21094.6916049541,23658.1289861795,25342.5941460134,26291.53902613
"61",12348,12796.135602512,13276.539604775,13802.4648615293,13777.9612094661,14399.9617653379,14930.3566284139,15345.7035784009,15873.3650119054,16396.2754874458,15512.447178759,16327.2694066931,16852.9540071809,17291.9742274989,17945.0923620988,16260.107132228,17220.9078261492,18281.8833178032,18835.3600249573,19426.5925363841,20071.6318495391,17296.9202158125,18472.2385232788,19412.3402720613,19553.9593628632,20192.6605758661,20920.8578761313,17710.4591186691,19573.3999399472,20995.9209090326,21672.6684171473,22974.2438748656,24251.8810739866,20679.8228325268,23287.5380936677,24995.283092604
"62",11766,12159.80981208,12604.7860167566,13101.909973495,13642.7930895435,13482.8063212805,14153.8607451833,14705.4961111867,15122.4488810546,15670.2430838671,16211.7474580971,15193.7661963206,16057.9533020111,16601.4937600594,17047.2250941007,17721.6908027821,15891.1496754348,16886.3258560956,17988.5960401404,18551.9878158374,19159.0864144989,19828.5380337886,16908.2166465009,18129.0284508255,19114.2920321389,19259.7321682296,19922.1470945716,20674.3564037458,17321.1339921644,19224.9535695738,20677.1126101613,21351.5368170858,22674.8156379563,23973.8890610517,20246.0124074127,22895.5604127596
"63",11167,11535.729943668,11959.9762272169,12401.4133909012,12915.1956764117,13471.0871194938,13174.7764427137,13893.9900588189,14466.5879890806,14884.8576670926,15452.7930909549,16013.0723957276,14860.4323324481,15773.069184596,16334.205593352,16786.4231602561,17482.2338634762,15507.3152752354,16535.3266193055,17677.9327526754,18250.8974205329,18873.6703237737,19567.6527691657,16503.6222637006,17768.1432722916,18797.9154051669,18947.1103142454,19633.1562295962,20409.49087683,16915.3993672851,18857.7633583045,20338.5197012147,21010.0791756788,22354.5326653049,23674.8247202052,19792.7641785455
"64",10579,10889.016329061,11293.6293024827,11748.0048323913,12185.493634895,12715.7819296906,13286.6526740862,12853.6233755762,13619.8627603716,14213.0258373634,14632.2819949673,15220.2646835662,15799.4142142156,14512.115434294,15472.0313420623,16050.3975297679,16508.817552952,17225.857026244,15108.3876358582,16167.4725992968,17349.2096485668,17931.3228926347,18569.4786418742,19287.9921301683,16082.8930118033,17389.0563997168,18462.4402124884,18615.2987227663,19324.7666415026,20125.2192628727,16492.9731287338,18471.2165666885,19979.2976951353,20647.3985457207,22012.3235553133,23353.4624600545
"65",10167,10417.499208728,10599.866645427,11039.3900107943,11523.4369973222,11956.5382625275,12503.0804676711,13088.812622071,12519.1651286798,13331.0435871785,13944.2454234938,14364.1140119001,14971.9365525884,15569.9545975577,14148.5568155133,15154.3092330851,15749.4242310827,16213.6996405159,16951.7257021763,14694.2327066704,15782.4006518384,17001.8015970545,17592.5513224066,18245.6899591704,18988.6024311484,15645.8715628542,16991.3164779079,18107.1533886376,18263.5574597313,18996.0995326861,19820.5277097792,16053.6603425136,18064.7753816898,19598.6624847031,20262.6570272544,21647.1614940637
"66",9699,9978.27597753,10244.7097331324,10299.5079973726,10772.7665638991,11285.8513365925,11714.0945916118,12276.5216113484,12876.8918139728,12171.3206263461,13027.1604889454,13659.7254920616,14079.7840311073,14707.105213327,15323.8735048073,13769.6026762344,14819.4368544984,15430.6871157539,15900.3985607839,16659.0204578976,14264.848124479,15379.8513791613,16635.1496527565,17233.9238211146,17901.5195024447,18668.5415239812,15192.5384736269,16574.5726845167,17731.4021070215,17891.2027167217,18646.3083002866,19494.4089723615,15597.4019428803,17637.9979175319,19195.8923906422,19855.0751603251
"67",9247,9485.85923754,9777.80410123753,10060.1169367783,9987.98288847974,10493.5778219865,11034.8689114763,11457.7513931519,12035.5613843747,12650.2249866206,11810.1063193143,12707.9085175391,13358.9942733023,13778.7676960573,14425.0935882688,15060.3585828048,13375.2021774546,14467.018079216,15093.6417460619,15568.2896232122,16346.9470110008,13820.3562557517,14959.6694562249,16248.7676434904,16854.8437270193,17536.2289184419,18326.890207051,14723.0052327496,16138.5769754661,17334.6017513039,17497.6152574111,18274.5890165856,19145.8742826674,15124.2689641761,17190.5420529577,18770.3370973668
"68",8814,9020.342362934,9260.93531468665,9565.21796892064,9863.25528699802,9665.42125077183,10201.7265739647,10770.1859167781,11187.1738212268,11779.7241880995,12408.2059043159,11435.6413177701,12373.0792731281,13041.6697863931,13460.6297011655,14125.3034316414,14778.664424988,12965.4189124852,14096.7633383061,14737.8441591473,15216.8455109467,16014.7968275431,13361.0013631205,14521.8239863897,15842.2859698106,16454.827501733,17149.1858279541,17962.8213832318,14237.5129868053,15683.2119042567,16916.2867127694,17082.2933489585,17880.2442734629,18774.0269989619,14634.4649311178,16722.2006904964
"69",8396,8541.008111766,8782.04842471748,9024.00959298647,9340.19085967972,9653.68100633523,9332.07554394217,9897.21047325215,10491.5643950861,10902.0918538426,11508.5782140244,12150.2507935638,11048.1849337888,12022.564710777,12707.4471587763,13125.0065464525,13807.1830377121,14478.0667452717,12540.465314616,13708.4885029432,14362.9351715344,14845.6131870696,15661.9074964148,12887.2058516248,14066.4357634885,15415.4458648049,16033.4886113278,16739.8339562291,17575.5523667277,13736.4901209952,15208.5109250671,16476.0968852998,16644.8359904801,17462.6482360961,18378.0093631082,14128.3798308099
"70",7993,8090.038013996,8257.44290149382,8532.02238196358,8774.93698376147,9102.45696184875,9430.99498037098,8988.32810267351,9580.13798516807,10198.8541968865,10602.3234881759,11221.7619456605,11875.8273311338,10648.1466964691,11656.3789942355,12356.1255108479,12771.6350914489,13470.2593564093,14157.8969530303,12100.7166803001,13302.1411851522,13968.6710786047,14454.2468525377,15287.6994670176,12399.5777333197,13593.7965026838,14968.1299526146,15590.5715051841,16307.7309156742,17164.3864322767,13220.5610550205,14714.6818760619,16013.8119593603,16184.9781875587,17021.2865250484,17957.0462459707
"71",7588,7788.756757348,7775.01279936506,7963.55879108153,8270.25703439732,8513.66003221797,8851.83119530764,9194.86799966411,8634.67317436748,9250.72930909099,9892.00845065809,10287.792054539,10919.0099515762,11584.4874449008,10236.068296167,11274.6664789244,11987.6276429743,12400.3754858745,13114.1705179138,13817.5823663912,11646.6970039086,12877.8135629652,13554.9466573191,14042.5360601079,14891.7145860477,11898.8797341521,13104.3615791692,14500.3797833092,15125.976465516,15852.5821784332,16728.7577203384,12690.5151292174,14202.1059536077,15529.3749950705,15702.6167647156,16555.7940152072
"72",7201,7357.544381544,7572.93760566697,7451.47655650392,7659.7319732224,7996.85015223305,8240.22440359744,8588.22181227866,8945.04993688491,8271.74841451636,8909.34100521643,9571.10210127055,9958.5447571289,10600.1674142254,11275.8778809864,9812.6595341534,10877.7282595608,11602.0219122858,12011.2321973372,12738.6820205905,13456.6576775723,11179.1171058795,12435.7707004389,13121.8194690464,13610.4280855617,14473.6331241388,11386.0752849015,12598.7890062469,14012.4260386827,14639.787240935,15374.2647686291,16268.2489127606,12147.354876025,13671.376691031,15022.9219175175,15197.8390329616
"73",6845,6951.243281184,7116.07065784705,7345.44110747766,7120.13335798479,7346.4829064289,7712.02427717362,7954.79841475578,8311.6483573864,8681.38522452794,7900.36131181857,8556.49132120227,9236.35497791879,9614.77615062042,10265.2114520832,10949.7588014323,9378.82928613161,10466.0514636528,11199.5498257065,11604.381482497,12343.7114394235,13074.7860454906,10698.9090419743,11976.4830051072,12669.5406895949,13158.0580150733,14033.3007125543,10862.365578945,12077.9768772324,13504.724063119,14132.3057944495,14872.8600896606,15782.6201760896,11592.3353806312,13123.3393364049,14494.8180035604
"74",6463,6576.220102465,6691.28205434921,6863.741460078,7106.27041586027,6781.81397000306,7024.46416121374,7416.13273070973,7657.6824301927,8022.2590700464,8403.83876052837,7521.45936707557,8192.85144369901,8888.14140267224,9256.83994660767,9914.27483241424,10606.0382516232,8935.65366989892,10040.3071949137,10780.6390417392,11180.1885161672,11929.3593261637,12671.8023118766,10207.1970574982,11500.6287594258,12198.5709757675,12685.7714307889,13570.7661522614,10329.141839666,11543.0406724968,12977.9609165546,13604.0688217722,14348.682986751,15271.8545782492,11026.9153274162,12559.0743931738
"75",6072,6155.308629958,6298.33905480338,6421.50873913221,6600.84355190268,6855.54443900308,6437.48791457248,6694.47323199156,7109.67290400939,7349.32239931739,7720.34440642591,8112.50880692346,7136.14343525624,7819.26050657133,8527.00599611905,8885.26531840255,9547.66234866389,10244.7880403061,8484.39197213063,9601.36884020259,10345.9223857288,10739.2269667181,11495.9286015366,12247.731387171,9705.31594555263,11009.1149565093,11709.6018953577,12194.1462455565,13086.3029914104,9788.00340786479,10995.3342661311,12433.0787486825,13055.8717822922,13802.3061163901,14736.1817865401,10452.7763977717
"76",5686,5853.89731212,5841.4439216046,6011.98932735394,6142.45243818861,6327.79607412018,6593.50421665672,6088.280254158,6357.46697593749,6793.29731568756,7030.32049664581,7406.34612552687,7807.63399257697,6745.68671395926,7436.74125044748,8153.67636378679,8500.76969594372,9165.86143276758,9866.25190200015,8026.50846969864,9150.32940717678,9896.25297783423,10282.2935967315,11043.9365435592,11802.7972710656,9194.83445634674,10503.0961140573,11203.5727492156,11684.0085150721,12580.4223218875,9240.78530558123,10436.4742244658,11871.2949964894,12488.7879155448,13234.5768388683,14176.0915238206
"77",5312,5446.761197468,5625.62635431087,5522.46582452948,5717.96547431304,5854.80863860211,6045.18844367609,6320.56254911594,5735.45581677783,6014.56385370606,6467.84230239009,6701.469332244,7080.9043370249,7489.65429433237,6351.51476774181,7046.51011493254,7769.1009694705,8104.30075945529,8769.60349792131,9470.92516876595,7563.65338942764,8688.52591598738,9432.75198429811,9810.46331724975,10574.1923109037,11337.5212771353,8677.54318415058,9984.00906251354,10681.7262732412,11156.4994828341,12053.9649858356,8689.52204437868,9868.33983819305,11294.1475828526,11904.2287414201,12646.6981400323
"78",4945,5051.895094016,5198.80427865942,5387.55715468507,5199.56648014649,5417.21002221262,5559.42524652079,5753.76648471318,6037.29037679887,5380.40437449517,5667.02835233427,6134.31229721055,6363.7359720362,6744.84145910636,7159.19510097861,5955.18919551903,6649.95914737935,7374.43048483937,7697.01713923517,8359.84437958358,9059.53491585651,7097.64334669312,8217.51752017955,8956.78613853695,9325.06614790192,10087.7736487964,10852.6986074807,8155.43198486772,9453.54816782867,10145.5832465939,10613.049769841,11508.0753498051,8136.42553741759,9293.04748062739,10703.4671315727,11303.9156876008
"79",4586,4677.418123165,4785.11039450691,4942.80313114394,5140.20864641488,4874.04282145706,5110.8017185125,5257.29656363622,5454.43251985116,5744.42633497473,5024.60233845835,5316.24320757434,5793.86974872928,6018.25522439758,6399.16473932666,6817.08072085472,5558.363632992,6248.62878621773,6971.00853370441,7280.28087307399,7937.77031610887,8633.05968329071,6630.41191564518,7739.06083760724,8469.95799528977,8827.68160140056,9586.03748591088,10349.425047516,7630.63957636209,8913.6422392372,9596.93282057895,10055.3769554483,10944.2171164499,7583.81950611374,8712.90250646391,10101.3554261207
"80",4238,4302.484418064,4404.80136091912,4512.65778382573,4679.62173970341,4884.29538134929,4547.34631268176,4800.00525430886,4949.61371334773,5148.29694206221,5442.9299062398,4669.66598689637,4963.76332191122,5447.89111105633,5666.38733455572,6045.12647710726,6464.39716824702,5162.84299430319,5844.27035083285,6560.43868925284,6855.72711507945,7504.87229577088,8192.80861196766,6164.07961001891,7255.18608081963,7974.1871890353,8320.22283654958,9070.70930801956,9829.19134730533,7105.53274918889,8366.54154375967,9037.9244300426,9485.58096591084,10364.2749089517,7034.2216308534,8130.48804178388
"81",3898,3924.57656981,4016.79680667663,4128.3659427157,4235.71830867642,4410.29107087383,4620.69418453338,4221.10219911605,4486.26999887966,4637.75590166575,4836.66147230487,5133.95218195241,4317.38492323946,4611.33399660106,5097.96140105832,5309.70778954897,5684.20145119589,6102.45476274723,4770.62273101203,5438.86056933508,6144.57447511446,6425.25113510164,7062.91455399168,7740.37077617668,5700.99648443842,6768.20369110325,7471.69639087745,7804.91653294726,8543.8410129147,9293.8185898011,6582.74656650644,7814.81882182393,8471.05024648446,8906.11630079873,9770.50155735064,6490.40509136286
"82",3561,3667.00570889,3614.416365147,3730.40929258776,3849.4748048388,3955.6272040326,4136.0094813374,4350.4587996395,3897.04656238667,4171.19557363068,4323.26636261608,4521.00604770491,4818.83997206912,3969.63825763185,4260.8261997827,4745.84125106917,4949.98008324206,5318.07605026024,5732.79715582676,4383.7930896353,5034.53553320033,5725.48504496619,5990.97639746728,6613.92654488065,7277.63166549099,5243.63365380659,6280.63935983768,6964.97247938248,7284.27088284192,8007.80753624015,8745.48391568868,6065.07166812015,7261.30438708626,7899.10368027602,8319.76306614065,9165.52130473195
"83",3232,3318.764979843,3431.76369899911,3309.2500348244,3444.91857005179,3569.64468263479,3673.88623635521,3858.16956190857,4074.86091952094,3576.99925963454,3856.52924730038,4007.85929185392,4203.0063669439,4499.17029107415,3628.35213744036,3914.21020406001,4393.46904947148,4589.16393722322,4948.67285145536,5357.24605133355,4004.48982018563,4633.56779446495,5305.46231124498,5555.26540292237,6160.23824808926,6806.83455552661,4794.52889547525,5795.21937055762,6456.77766428695,6761.09457456545,7465.35522639362,8186.79949873212,5555.4009215039,6709.07751216832,7325.19419969722,7729.65503437583
"84",2906,2981.174121056,3075.16802193679,3193.55549182496,3010.84693425295,3162.02857811527,3290.53070234423,3392.14906442351,3578.34675544902,3795.38260629134,3262.84395204324,3544.14723519771,3693.40234320989,3884.51802412934,4176.73811600502,3295.47954360903,3573.5338736941,4042.94059830436,4229.39532896526,4578.13301918536,4977.88790285889,3634.87200997064,4238.34125364678,4886.99732980318,5120.69566725404,5704.45961046571,6330.56516772211,4356.25984886387,5314.84083529251,5950.12128137667,6238.46888055129,6919.57863373085,7620.79606078703,5056.69818062462,6161.43320668742,6752.71575445598
"85",2581,2661.573524086,2732.32801355619,2831.7243135877,2953.81509263388,2720.98548590316,2883.52064242689,3013.89726364644,3112.19216969217,3298.27189871715,3513.69087674541,2956.49593471571,3236.02174685664,3381.88375930537,3567.54393268035,3853.52520479918,2972.96809387416,3240.88749571809,3696.47224482742,3872.94889451873,4208.77876971417,4597.03775861167,3277.08672728433,3851.30984907643,4472.73647209935,4690.01438113632,5249.43491851439,5851.70703796963,3931.40139262753,4842.52100188345,5448.20682739975,5719.69349819388,6373.86651455428,7050.87077311756,4571.94845894541,5621.82443050577
"86",2260,2333.048695899,2420.82068602364,2486.95515981059,2589.8935648886,2713.95229260271,2441.21997841542,2611.03284370264,2741.40230983598,2835.69817673833,3019.61989084759,3231.43151027724,2659.6562185881,2933.9778552039,3075.1691348402,3253.99021320896,3531.45768753925,2662.50045312913,2918.13707387852,3356.12880036908,3521.95969802424,3842.83040942013,4216.95546282311,2932.9810331408,3474.68824855151,4065.15734129538,4265.80249125227,4797.89608618359,5373.08701303599,3522.18366942759,4381.02218394548,4954.04005219933,5207.88374159616,5831.48841141921,6480.36814355524,4103.76802556695
"87",1975,2007.02479142,2092.56767881599,2185.11727658001,2246.46410144088,2351.09009783383,2475.36778039299,2172.88198408061,2346.06334033591,2474.60350215148,2564.26356777705,2744.02249593295,2950.2482647474,2373.81308149393,2639.69791936372,2775.00810588112,2945.67603646921,3212.4223074353,2365.49612068217,2606.92615042974,3023.82959745934,3178.43095054032,3482.41917700899,3839.86653828706,2604.10412183803,3110.45456367627,3666.57713983442,3850.48426357592,4352.48028439028,4897.50383564105,3130.49437033324,3932.85668749805,4470.43969142897,4705.98367953454,5295.61804767249,5912.61690822716
"88",1692,1785.067676625,1766.85400919274,1860.92695721195,1955.91239783405,2012.34306720355,2116.84054314226,2239.60626995156,1917.29068705392,2090.15997350907,2215.14183224462,2299.58292863111,2473.24912279376,2671.96240051402,2100.45997842331,2354.92977066092,2483.24144204703,2644.54124840495,2898.47434734204,2083.34872519597,2308.91087756112,2701.58071528615,2844.47089031246,3129.82810082212,3468.20648962424,2291.97187637758,2760.62008413777,3279.42874850529,3446.61320310347,3916.0254437428,4428.0344807232,2758.19039428273,3500.61014251069,4000.37118758109,4217.10872041275,4769.68639437254
"89",1445,1508.030449092,1599.04957623806,1540.60530195874,1639.50161363886,1734.70277002498,1786.13418041608,1888.76178955701,2008.3390036473,1675.71973923433,1844.8891042475,1964.7125786511,2043.42061464588,2209.18240632183,2398.55334288053,1841.06028324552,2081.45269717161,2201.76814527919,2352.61511074594,2591.81062529671,1817.38949152865,2025.72173932331,2391.43746612803,2522.25518133543,2787.45663052981,3104.59040911761,1998.02653136356,2427.184939462,2906.21661953382,3056.82679268291,3491.52806242763,3967.99788407384,2407.04962138951,3086.88822941659,3546.89365817894,3744.49226450008
"90",1221,1268.15807069,1330.68277021619,1418.35983162475,1329.30588651412,1429.63687840569,1522.99963529762,1569.3999507147,1668.53024591269,1783.33679991282,1449.35940129088,1611.79727298032,1725.02785073752,1797.57342532879,1953.78355376813,2132.12804113238,1597.00621518343,1821.03509202237,1932.50319177859,2071.97454554903,2294.73038165807,1568.84603075143,1758.91864694297,2095.45697528838,2213.97858764238,2457.77266166556,2751.76806474744,1723.59134144984,2112.0852347953,2549.46038597569,2683.78817610953,3082.08505445146,3520.9000084398,2078.71635236377,2694.25166937613,3113.09178697665
"91",1016,1059.087067896,1100.59231333522,1161.30248775954,1244.45515959555,1133.85463500896,1232.60748189168,1322.28813109664,1363.68186736005,1457.84181828385,1566.43253024522,1239.27481694686,1392.36594792928,1497.77060992291,1563.82400381356,1709.04662380006,1874.87758430875,1369.5727160852,1575.38394281452,1677.32577883264,1804.6914328815,2009.58300572921,1338.79749448956,1509.94017880063,1815.64094532146,1921.79574199879,2143.25129261486,2412.562942829,1469.82148309744,1817.13241770354,2211.62615363841,2330.11457141744,2690.81864396916,3090.35817974916,1774.64178046534,2325.14006360914
"92",834,862.754796712,907.384293092015,943.470812576467,1001.20374974823,1078.79529481191,954.982573884657,1049.57216110659,1133.97956564955,1170.4514577747,1258.36244305048,1359.4723377499,1046.36182611376,1187.96021492807,1284.54063333836,1343.88524532027,1476.94145130103,1629.02009449124,1159.86762453689,1346.08697062703,1438.01868071623,1552.76916334757,1738.70206026682,1128.12770657555,1280.04838166313,1553.86939052263,1647.75170303902,1846.30039039125,2089.79451347619,1237.65298369057,1543.94637816509,1895.04626300808,1998.29318683496,2320.78417138198,2680.00347929853,1496.02160121886
"93",672,691.82929185,722.594075053638,766.899143287053,797.853144156143,851.622723109399,922.79488648213,793.213683729478,881.52492728765,959.35780172569,991.054991072467,1071.6699286231,1164.25577926485,871.302298062276,999.773086308053,1086.79377379889,1139.33695398736,1259.34594620151,1396.72998714942,968.780225584021,1134.54922281734,1216.20024112703,1318.06970521259,1484.32633061079,937.478480993485,1070.27137629501,1311.82720183681,1393.70403129974,1569.17430207928,1786.18432868407,1027.75212812337,1293.884805409,1601.82967368851,1690.58671985426,1974.86230456118,2293.36172234317
"94",532,565.699782144,565.157718719419,596.07147054028,638.485802132057,664.64269439943,713.665790550397,777.767885677282,648.828491779691,729.245422410735,799.521802077246,826.653886404325,899.188749533677,982.466028299521,714.521655089787,828.767938524502,905.776861611644,951.5569971955,1057.96955010866,1180.05475862668,796.931033327908,941.926837648362,1013.25165785252,1102.23367811829,1248.5098078472,767.206059761929,881.346855686325,1090.926588611,1161.23941830054,1313.87848542818,1504.24807509294,840.46858238916,1067.97240840438,1333.76649244019,1408.93212368792,1655.63889056705
"95",414,437.95111416,468.45333080447,453.937854731501,483.515545704248,522.799254954788,544.538531351887,588.254963304602,644.866576548329,521.833375431356,593.25153048123,655.327439834611,678.163960839955,742.120749898068,815.592711483397,576.151815683187,675.622595543912,742.461733759999,781.650465329553,874.271187750782,980.822238427906,644.626370966168,769.061908516552,830.243507565474,906.597360642342,1033.02436998405,617.344140272514,713.670430427815,892.229788561948,951.589394230531,1082.06959167948,1246.1778673538,675.796014287657,866.834696020703,1092.23192675093,1154.83804568374
"96",315,332.9612181,353.971470238865,380.909031866876,357.863212394973,384.999243113181,420.252466543799,437.990259895774,476.073984130022,525.018652087415,411.938843733301,473.758123192686,527.332706811071,546.197784195758,601.376030558724,664.851568290111,456.003235703145,540.6794621846,597.483094587635,630.381683309075,709.376641451584,800.543170061103,511.82195895781,616.423408298225,667.866768846438,732.11215123303,839.26086800988,487.577345094064,567.253463073108,716.377768579044,765.551127866369,874.957488733857,1013.72151434838,533.344425041191,690.64201700159,878.096599383569
"97",235,247.61193912,262.3654527891,280.323153074619,303.50353884954,276.361933147796,300.3187288903,330.980638079504,345.160033648628,377.519572580226,418.867013538747,318.550096983188,370.646337677182,415.751337721864,431.015306525929,477.509613064461,531.106757737711,353.549882443678,423.906768995051,471.085867373526,498.115029405867,564.001889379453,640.316025239073,398.099985568749,484.060012476416,526.374687769231,579.273402239559,668.13623919949,377.229113395688,441.695453221513,563.53171591746,603.420590961308,693.217426377331,808.067845938348,412.328453396816,539.070134827711
"98",172,178.866061595,190.264953850107,202.094756290572,217.023499053917,236.425657211821,208.603852369264,228.985117680667,254.81694646464,265.896332412845,292.663048953729,326.718129492029,240.772846372005,283.447918302799,320.420415756007,332.488598682533,370.670521605462,414.803195758651,267.930699987745,324.876299116115,363.088375632545,384.771364843189,438.390261602485,500.742912965713,302.664030581632,371.571046856827,405.542528399244,448.0665805834,520.015984508566,285.26756525549,336.175905469394,433.33472441634,464.946168038891,536.921944061293,629.749385924426,311.575469678197
"99",123,126.555076932,132.738190658878,142.549854751397,151.785204194463,163.830203027237,179.591598227344,153.522664756541,170.232104736905,191.284093865883,199.724075947549,221.227879416153,248.505507740863,177.436534276301,211.348729380208,240.78752723926,250.086552818927,280.57041359409,315.91731492605,197.970328393107,242.762570563168,272.867642678546,289.807007024751,332.271966046194,381.866789289452,224.355422122908,278.101497636011,304.652191878048,337.938994446821,394.662271364123,210.331979565714,249.469855984988,324.90086369066,349.310738191764,405.502562817844,478.574920387065
"100",85,90.720334854,90.5363940474543,95.7726847005664,103.835748667337,110.834860544842,120.24224138606,132.636194415229,109.853693912909,123.041492194541,139.6052675232,145.854916405191,162.588250489819,183.774794078545,127.135756484536,153.214397166201,175.922155479781,182.884578539873,206.478443256312,233.934698021485,142.220400921878,176.367268483905,199.372153848792,212.221317183752,244.854132782294,283.140373567814,161.69313355445,202.365739679165,222.507589063853,247.804454660892,291.217590080793,150.780903464208,179.989608989128,236.837473910437,255.148989555465,297.750429591795
"101",58,60.37243269,64.8398881149751,62.7750513240632,66.9689246977449,73.2967701998589,78.4288238126423,85.5192060043498,94.9238273589516,76.1861568490561,86.1869648421311,98.7366104562026,103.220010949341,115.792429312458,131.695921445981,88.2888124063897,107.639105458257,124.5541931813,129.602480483745,147.247425434657,167.861787264461,99.0207032650706,124.170586132567,141.165349659745,150.596946314659,174.847732440988,203.435837147047,112.937076668221,142.702298633894,157.484309568086,176.085966846705,208.231937597173,104.760730842882,125.852782031536,167.303909006521,180.604063208007
"102",37,39.634775658,41.3979515996025,44.7377894994437,42.0353313735637,45.217917142282,49.9543535652296,53.5812830589338,58.7198190368535,65.5810323188301,51.0269178698688,58.2943141259192,67.4210123551311,70.5251985127707,79.6122499103652,91.1053608675778,59.2101129798646,73.0159124111409,85.1395887090659,88.6707706048425,101.373384715847,116.275954974669,66.5769905792384,84.408116437541,96.499886968529,103.173431343253,120.534280024395,141.100928629475,76.1718118915692,97.1585329512186,107.613505061889,120.797734813058,143.737501460477,70.2909521204885,84.9735985210632,114.106007502533
"103",24,24.199083434,26.0386622529924,27.2887955431843,29.6704573930309,27.0727505872392,29.3597327383197,32.7324744293795,35.1922105567787,38.7579120339973,43.5501000336046,32.8708341771723,37.9138823275345,44.2601316190915,46.3254791588103,52.616720530455,60.577888425453,38.1909272770843,47.6238695776935,55.9494932356822,58.3218686830807,67.0863422720479,77.413644387828,43.0496442792034,55.1683344168427,63.4185660765755,67.9504304494549,79.8702627775349,94.0617354538884,49.4045951678474,63.5999657596973,70.6952911301853,79.6626172290348,95.3689683566425,45.3596056492923,55.1708762906495
"104",14,14.882370072,15.1438612365632,16.3659815431114,17.2078996252622,18.8207687256351,16.6921426282489,18.2446435862688,20.5210643653398,22.1138506199206,24.4713296308381,27.6597466576187,20.2712547913448,23.5987007731782,27.798477729113,29.1124425184794,33.2638865177065,38.5227647125379,23.5810827225444,29.7241760275154,35.1753342744889,36.6985035068112,42.46524925544,49.2905272887925,26.6450780368386,34.5020695733761,39.8733524713215,42.812012418689,50.621307943083,59.9652897264548,30.6688635674357,39.8347028489978,44.4320015744822,50.2554099093388,60.5204794502399,28.0201988951943
"105",8,8.482670154,8.78501703721334,9.01784165321621,9.78613160611266,10.3218165660006,11.3534627157385,9.79984832127282,10.7915893499751,12.2409352704888,13.2200279414044,14.6965756509829,16.7056322397105,11.9034746674873,13.9801600828788,16.6107253159983,17.4054707394192,20.0014036540814,23.2945599200429,13.8632436390651,17.6552893150206,21.0387912219992,21.9679537116181,25.5651676717388,29.8415568952793,15.7004584378167,20.5324733526164,23.8500070988331,25.6589914238126,30.5122620605959,36.3477485702873,18.1224024302433,23.7398681186533,26.5673142769052,30.1569920341133,36.5231372077584
"106",4,4.553830816,4.85418429504609,4.90549616498871,5.0768971926215,5.53093884733939,5.85087575738825,6.47007783973002,5.4444030375771,6.03738491066852,6.90260111714996,7.47008162311213,8.34025619919546,9.53097214663206,6.6143149804651,7.83261386319711,9.38195620578881,9.83593131781502,11.3637337415929,13.3051803919183,7.71170932561474,9.91604223765048,11.8936518520428,12.4285632621483,14.5413726016085,17.063910613484,8.75240860055163,11.5527120787266,13.4835654282645,14.5335377368652,17.3750551606328,20.8077107667268,10.1291948032933,13.375285482755,15.0147909084203,17.1009034570093
"107",3,2.12407056,2.43003096995004,2.60290056229862,2.57211928954051,2.68194596331212,2.93222206955103,3.11019091812554,3.45618859376602,2.84149426929714,3.17108029476113,3.65179294461043,3.95946616199767,4.43814902986768,5.09656117487124,3.45266438341008,4.11946280807572,4.97087275129487,5.213872059265,6.0533941340284,7.12216496469885,4.02950873022983,5.2269403765501,6.30682433615533,6.59514810410434,7.75421455387428,9.14366187956075,4.58221267356388,6.09964370301892,7.15023297265683,7.7202755164038,9.27496356550095,11.1613141920161,5.31575256953259,7.07058326387895,7.95980638933801
"108",1,1.479330261,1.04830679811433,1.2044841268463,1.29569386764557,1.25541220297768,1.31761167142306,1.44507937289501,1.53641448608691,1.7146896180382,1.38128311820978,1.55009835283271,1.79641503661236,1.95099123693957,2.19444371982937,2.53083299442676,1.67862644480098,2.01602852568145,2.44850071328051,2.56926297287178,2.99586389817712,3.53993903941769,1.96078227092637,2.5630577178016,3.1087888820901,3.25293755547659,3.84114627724259,4.54884115872786,2.23353383588791,2.99529162846991,3.52466784598424,3.8114155008722,4.5986938201948,5.55766234444471,2.59653443504782,3.47581249261882
"109",0,0.451797526,0.96962780626804,1.1194042191241,1.29217780225564,1.45366157371877,1.53720185425685,1.60758327845956,1.71893815570974,1.83833736313655,2.00367731889657,1.95602977016681,1.98124805862768,2.11883307782653,2.28798271644257,2.51528934222021,2.8278500848613,2.64077348061769,2.64135649365577,2.8518708900832,3.05595781277571,3.39017481945623,3.87314887975426,3.46788290522112,3.43409620645716,3.67852209417206,3.91667832859316,4.34903099942297,4.97590312962603,4.33113325575537,4.20162320299321,4.37758755512256,4.63533645496192,5.17498106973812,5.9916542854035,5.178593859994
