Sexo,Edad,1970,1971,1972,1973,1974,1975,1976,1977,1978,1979,1980,1981,1982,1983,1984,1985,1986,1987,1988,1989,1990,1991,1992,1993,1994,1995,1996,1997,1998,1999,2000,2001,2002,2003,2004,2005,2006,2007,2008,2009,2010,2011,2012,2013,2014,2015,2016
Hombres,0,48004.00,48420.00,48837.00,49095.00,49168.00,49046.00,48745.00,48134.00,47514.00,46934.00,46393.00,46359.00,46838.00,47344.00,47830.00,48312.00,48776.00,49231.00,49686.00,50151.00,50513.00,49730.00,48969.00,48093.00,47160.00,46103.00,44908.00,44540.00,44212.00,43866.00,43558.00,42858.00,42188.00,41515.00,40929.00,40366.00,39728.00,39658.00,39683.00,39704.00,39778.00,39699.00,39605.00,39461.00,39290.00,39103.00,38822.00
Hombres,1,44001.00,44569.00,45095.00,45567.00,45886.00,46026.00,45979.00,45763.00,45257.00,44769.00,44316.00,44391.00,45005.00,45666.00,46321.00,46950.00,47569.00,48166.00,48752.00,49348.00,49907.00,49153.00,48457.00,47830.00,47095.00,46223.00,45298.00,45021.00,44715.00,44393.00,44123.00,43298.00,42537.00,41833.00,41155.00,40568.00,40012.00,39987.00,39978.00,39945.00,40022.00,39919.00,39782.00,39635.00,39498.00,39303.00,39131.00
Hombres,2,41454.00,42044.00,42640.00,43168.00,43647.00,43983.00,44153.00,44141.00,43963.00,43516.00,43078.00,43190.00,43858.00,44569.00,45305.00,46034.00,46739.00,47438.00,48115.00,48789.00,49474.00,48865.00,48130.00,47545.00,47035.00,46349.00,45597.00,45517.00,45289.00,44964.00,44708.00,43839.00,42986.00,42215.00,41525.00,40866.00,40311.00,40408.00,40407.00,40319.00,40302.00,40218.00,40066.00,39880.00,39736.00,39573.00,39392.00
Hombres,3,39362.00,39937.00,40553.00,41139.00,41661.00,42137.00,42479.00,42659.00,42661.00,42509.00,42092.00,42223.00,42925.00,43661.00,44423.00,45210.00,45993.00,46753.00,47508.00,48247.00,48983.00,48495.00,47898.00,47267.00,46791.00,46330.00,45757.00,45786.00,45752.00,45498.00,45234.00,44341.00,43475.00,42633.00,41894.00,41235.00,40625.00,40710.00,40813.00,40732.00,40637.00,40493.00,40360.00,40162.00,39975.00,39802.00,39649.00
Hombres,4,37545.00,38091.00,38686.00,39286.00,39858.00,40370.00,40840.00,41180.00,41360.00,41372.00,41231.00,41386.00,42104.00,42853.00,43624.00,44421.00,45246.00,46067.00,46867.00,47663.00,48444.00,48027.00,47552.00,47051.00,46525.00,46102.00,45747.00,45894.00,45965.00,45902.00,45704.00,44796.00,43928.00,43083.00,42287.00,41583.00,40981.00,40970.00,41054.00,41087.00,40988.00,40812.00,40612.00,40430.00,40231.00,40014.00,39843.00
Hombres,5,35905.00,36435.00,36995.00,37573.00,38156.00,38713.00,39215.00,39674.00,40006.00,40186.00,40198.00,40621.00,41359.00,42106.00,42877.00,43670.00,44490.00,45340.00,46186.00,47010.00,47831.00,47497.00,47098.00,46713.00,46311.00,45845.00,45525.00,45819.00,46006.00,46048.00,46040.00,45203.00,44337.00,43498.00,42703.00,41944.00,41302.00,41244.00,41228.00,41254.00,41267.00,41135.00,40896.00,40649.00,40460.00,40228.00,40006.00
Hombres,6,34390.00,34918.00,35457.00,35998.00,36558.00,37124.00,37667.00,38154.00,38601.00,38924.00,39094.00,39659.00,40653.00,41404.00,42162.00,42944.00,43748.00,44581.00,45444.00,46300.00,47135.00,46894.00,46583.00,46270.00,45975.00,45636.00,45271.00,45527.00,45858.00,46018.00,46113.00,45482.00,44699.00,43867.00,43081.00,42322.00,41627.00,41466.00,41404.00,41346.00,41352.00,41378.00,41173.00,40888.00,40631.00,40408.00,40166.00
Hombres,7,32971.00,33497.00,34030.00,34550.00,35073.00,35614.00,36165.00,36691.00,37163.00,37594.00,37901.00,38609.00,39728.00,40722.00,41474.00,42232.00,43013.00,43820.00,44655.00,45516.00,46371.00,46209.00,45995.00,45763.00,45533.00,45304.00,45061.00,45200.00,45492.00,45798.00,46007.00,45504.00,44934.00,44190.00,43411.00,42660.00,41967.00,41688.00,41525.00,41435.00,41359.00,41417.00,41358.00,41109.00,40811.00,40518.00,40282.00
Hombres,8,31617.00,32161.00,32689.00,33202.00,33704.00,34209.00,34733.00,35265.00,35774.00,36228.00,36639.00,37462.00,38701.00,39810.00,40796.00,41538.00,42286.00,43060.00,43858.00,44681.00,45529.00,45460.00,45326.00,45184.00,45028.00,44863.00,44723.00,44914.00,45088.00,45356.00,45709.00,45351.00,44916.00,44386.00,43695.00,42952.00,42267.00,41925.00,41648.00,41470.00,41365.00,41370.00,41332.00,41232.00,40968.00,40636.00,40328.00
Hombres,9,30321.00,30894.00,31437.00,31945.00,32439.00,32922.00,33409.00,33915.00,34428.00,34916.00,35347.00,36248.00,37576.00,38794.00,39885.00,40850.00,41572.00,42301.00,43056.00,43830.00,44628.00,44632.00,44591.00,44522.00,44448.00,44355.00,44272.00,44498.00,44720.00,44872.00,45184.00,45004.00,44721.00,44329.00,43853.00,43198.00,42525.00,42127.00,41789.00,41507.00,41316.00,41316.00,41215.00,41138.00,41022.00,40725.00,40377.00
Hombres,10,29080.00,29689.00,30257.00,30779.00,31267.00,31741.00,32205.00,32672.00,33158.00,33648.00,34110.00,35003.00,36377.00,37673.00,38862.00,39920.00,40853.00,41543.00,42240.00,42958.00,43695.00,43733.00,43764.00,43779.00,43769.00,43754.00,43734.00,43955.00,44209.00,44411.00,44605.00,44425.00,44325.00,44089.00,43752.00,43313.00,42731.00,42281.00,41891.00,41559.00,41267.00,41201.00,41084.00,40946.00,40853.00,40703.00,40391.00
Hombres,11,27857.00,28504.00,29107.00,29655.00,30155.00,30622.00,31077.00,31521.00,31968.00,32430.00,32894.00,33787.00,35118.00,36452.00,37708.00,38854.00,39869.00,40759.00,41406.00,42056.00,42727.00,42793.00,42856.00,42935.00,43000.00,43044.00,43092.00,43320.00,43566.00,43802.00,44043.00,43787.00,43692.00,43638.00,43456.00,43156.00,42790.00,42370.00,41936.00,41563.00,41229.00,41077.00,40883.00,40730.00,40575.00,40449.00,40282.00
Hombres,12,26623.00,27300.00,27941.00,28522.00,29048.00,29528.00,29977.00,30412.00,30836.00,31261.00,31698.00,32561.00,33858.00,35143.00,36429.00,37636.00,38730.00,39694.00,40533.00,41126.00,41722.00,41813.00,41901.00,42004.00,42122.00,42234.00,42332.00,42578.00,42829.00,43059.00,43331.00,43159.00,42991.00,42942.00,42937.00,42787.00,42556.00,42302.00,41912.00,41503.00,41141.00,40954.00,40666.00,40436.00,40268.00,40082.00,39939.00
Hombres,13,25367.00,26058.00,26727.00,27345.00,27904.00,28409.00,28871.00,29301.00,29717.00,30120.00,30520.00,31324.00,32554.00,33799.00,35031.00,36262.00,37411.00,38449.00,39355.00,40133.00,40667.00,40772.00,40878.00,40997.00,41128.00,41287.00,41444.00,41697.00,41966.00,42198.00,42464.00,42362.00,42281.00,42157.00,42153.00,42172.00,42088.00,41939.00,41728.00,41372.00,40990.00,40772.00,40442.00,40119.00,39879.00,39680.00,39481.00
Hombres,14,24091.00,24770.00,25450.00,26093.00,26685.00,27221.00,27708.00,28150.00,28561.00,28955.00,29332.00,30065.00,31198.00,32370.00,33556.00,34725.00,35890.00,36975.00,37948.00,38786.00,39495.00,39619.00,39728.00,39850.00,39979.00,40147.00,40340.00,40616.00,40894.00,41135.00,41412.00,41354.00,41359.00,41319.00,41239.00,41248.00,41334.00,41325.00,41238.00,41080.00,40766.00,40516.00,40153.00,39789.00,39465.00,39197.00,38991.00
Hombres,15,22793.00,23443.00,24107.00,24755.00,25368.00,25933.00,26447.00,26911.00,27333.00,27720.00,28086.00,28761.00,29784.00,30852.00,31956.00,33069.00,34165.00,35259.00,36270.00,37165.00,37925.00,38288.00,38403.00,38506.00,38614.00,38778.00,38966.00,39246.00,39548.00,39786.00,40081.00,40090.00,40176.00,40221.00,40220.00,40136.00,40219.00,40400.00,40481.00,40491.00,40386.00,40184.00,39792.00,39398.00,39042.00,38693.00,38427.00
Hombres,16,21447.00,22102.00,22731.00,23360.00,23973.00,24554.00,25093.00,25581.00,26022.00,26417.00,26772.00,27401.00,28330.00,29283.00,30276.00,31302.00,32337.00,33356.00,34369.00,35294.00,36102.00,36573.00,36919.00,37004.00,37061.00,37206.00,37372.00,37619.00,37917.00,38170.00,38454.00,38522.00,38727.00,38853.00,38928.00,38897.00,38899.00,39123.00,39421.00,39653.00,39724.00,39704.00,39367.00,38946.00,38571.00,38194.00,37859.00
Hombres,17,20192.00,20750.00,21380.00,21972.00,22563.00,23141.00,23693.00,24204.00,24667.00,25078.00,25439.00,26026.00,26876.00,27733.00,28610.00,29525.00,30470.00,31427.00,32364.00,33287.00,34121.00,34687.00,35146.00,35433.00,35445.00,35541.00,35664.00,35868.00,36115.00,36366.00,36637.00,36709.00,37020.00,37260.00,37405.00,37421.00,37479.00,37677.00,38042.00,38536.00,38834.00,38961.00,38814.00,38447.00,38058.00,37666.00,37313.00
Hombres,18,18952.00,19523.00,20058.00,20650.00,21206.00,21762.00,22312.00,22835.00,23318.00,23749.00,24124.00,24688.00,25470.00,26251.00,27036.00,27839.00,28678.00,29550.00,30428.00,31280.00,32114.00,32745.00,33308.00,33689.00,33877.00,33921.00,33974.00,34123.00,34305.00,34518.00,34749.00,34802.00,35147.00,35487.00,35731.00,35794.00,35894.00,36189.00,36545.00,37135.00,37695.00,38014.00,38026.00,37846.00,37521.00,37120.00,36760.00
Hombres,19,17793.00,18338.00,18886.00,19387.00,19944.00,20468.00,20997.00,21519.00,22014.00,22465.00,22858.00,23412.00,24150.00,24869.00,25585.00,26303.00,27039.00,27811.00,28612.00,29413.00,30185.00,30848.00,31480.00,31957.00,32233.00,32430.00,32417.00,32496.00,32603.00,32763.00,32920.00,32924.00,33256.00,33625.00,33955.00,34104.00,34239.00,34606.00,35060.00,35648.00,36302.00,36847.00,37067.00,37043.00,36911.00,36577.00,36216.00
Hombres,20,17006.00,17246.00,17769.00,18285.00,18756.00,19283.00,19783.00,20286.00,20781.00,21243.00,21655.00,22207.00,22919.00,23600.00,24262.00,24920.00,25578.00,26258.00,26969.00,27703.00,28433.00,29059.00,29722.00,30269.00,30644.00,30909.00,31033.00,31054.00,31078.00,31173.00,31253.00,31184.00,31454.00,31805.00,32156.00,32388.00,32591.00,33007.00,33526.00,34200.00,34851.00,35459.00,35920.00,36099.00,36128.00,35987.00,35699.00
Hombres,21,16192.00,16518.00,16747.00,17240.00,17728.00,18174.00,18679.00,19155.00,19632.00,20093.00,20516.00,21071.00,21769.00,22431.00,23063.00,23675.00,24282.00,24893.00,25521.00,26176.00,26850.00,27452.00,28075.00,28658.00,29111.00,29456.00,29644.00,29806.00,29764.00,29782.00,29786.00,29651.00,29822.00,30108.00,30439.00,30699.00,30968.00,31456.00,32013.00,32729.00,33460.00,34037.00,34581.00,34996.00,35230.00,35252.00,35157.00
Hombres,22,15475.00,15766.00,16078.00,16287.00,16754.00,17219.00,17646.00,18127.00,18578.00,19023.00,19445.00,19998.00,20690.00,21345.00,21965.00,22555.00,23124.00,23692.00,24260.00,24841.00,25448.00,26004.00,26598.00,27150.00,27650.00,28060.00,28327.00,28562.00,28652.00,28607.00,28531.00,28340.00,28414.00,28600.00,28867.00,29119.00,29404.00,29954.00,30568.00,31294.00,32061.00,32692.00,33227.00,33725.00,34195.00,34421.00,34488.00
Hombres,23,14851.00,15103.00,15381.00,15673.00,15864.00,16311.00,16757.00,17163.00,17619.00,18039.00,18446.00,18990.00,19674.00,20329.00,20949.00,21534.00,22088.00,22625.00,23158.00,23689.00,24231.00,24725.00,25269.00,25800.00,26280.00,26730.00,27063.00,27386.00,27546.00,27627.00,27491.00,27247.00,27233.00,27320.00,27491.00,27694.00,27962.00,28524.00,29185.00,29938.00,30709.00,31355.00,31963.00,32455.00,33008.00,33469.00,33736.00
Hombres,24,14305.00,14526.00,14767.00,15026.00,15300.00,15478.00,15907.00,16332.00,16716.00,17142.00,17526.00,18049.00,18720.00,19373.00,19999.00,20590.00,21145.00,21673.00,22182.00,22684.00,23183.00,23614.00,24093.00,24582.00,25051.00,25479.00,25856.00,26255.00,26505.00,26654.00,26643.00,26367.00,26269.00,26266.00,26342.00,26464.00,26678.00,27219.00,27877.00,28649.00,29440.00,30074.00,30716.00,31282.00,31830.00,32376.00,32873.00
Hombres,25,13836.00,14020.00,14232.00,14455.00,14698.00,14957.00,15125.00,15534.00,15937.00,16293.00,16684.00,17180.00,17829.00,18474.00,19104.00,19707.00,20273.00,20807.00,21313.00,21797.00,22274.00,22659.00,23073.00,23505.00,23942.00,24358.00,24720.00,25172.00,25502.00,25737.00,25799.00,25670.00,25512.00,25423.00,25412.00,25451.00,25581.00,26067.00,26691.00,27437.00,28240.00,28883.00,29531.00,30132.00,30752.00,31294.00,31873.00
Hombres,26,13404.00,13583.00,13759.00,13954.00,14163.00,14392.00,14640.00,14794.00,15181.00,15557.00,15881.00,16382.00,17003.00,17631.00,18258.00,18869.00,19451.00,20001.00,20517.00,21003.00,21467.00,21825.00,22194.00,22568.00,22956.00,23343.00,23702.00,24148.00,24538.00,24851.00,25005.00,24972.00,24932.00,24780.00,24685.00,24648.00,24694.00,25097.00,25653.00,26345.00,27116.00,27765.00,28437.00,29044.00,29695.00,30309.00,30881.00
Hombres,27,13036.00,13175.00,13346.00,13508.00,13690.00,13887.00,14107.00,14339.00,14478.00,14841.00,15186.00,15620.00,16245.00,16849.00,17462.00,18073.00,18668.00,19237.00,19772.00,20271.00,20740.00,21080.00,21423.00,21758.00,22097.00,22440.00,22777.00,23227.00,23619.00,23991.00,24231.00,24309.00,24342.00,24301.00,24146.00,24034.00,24003.00,24322.00,24785.00,25393.00,26105.00,26721.00,27411.00,28042.00,28696.00,29339.00,29977.00
Hombres,28,12750.00,12821.00,12954.00,13112.00,13262.00,13435.00,13624.00,13829.00,14046.00,14167.00,14502.00,14956.00,15513.00,16124.00,16717.00,17317.00,17915.00,18500.00,19057.00,19577.00,20064.00,20405.00,20732.00,21047.00,21354.00,21653.00,21953.00,22388.00,22790.00,23166.00,23472.00,23652.00,23778.00,23806.00,23761.00,23594.00,23489.00,23732.00,24102.00,24602.00,25225.00,25785.00,26451.00,27101.00,27774.00,28420.00,29084.00
Hombres,29,12433.00,12544.00,12611.00,12733.00,12881.00,13024.00,13189.00,13366.00,13558.00,13757.00,13857.00,14299.00,14874.00,15421.00,16022.00,16604.00,17193.00,17783.00,18356.00,18900.00,19410.00,19767.00,20098.00,20403.00,20696.00,20969.00,21234.00,21635.00,22028.00,22414.00,22731.00,22992.00,23207.00,23327.00,23350.00,23296.00,23136.00,23305.00,23590.00,23985.00,24495.00,24972.00,25590.00,26217.00,26904.00,27568.00,28230.00
Hombres,30,12107.00,12227.00,12335.00,12394.00,12509.00,12651.00,12788.00,12944.00,13109.00,13286.00,13466.00,13676.00,14237.00,14803.00,15341.00,15933.00,16506.00,17088.00,17668.00,18230.00,18765.00,19147.00,19496.00,19809.00,20097.00,20362.00,20607.00,20972.00,21337.00,21716.00,22051.00,22336.00,22621.00,22828.00,22942.00,22959.00,22909.00,23024.00,23227.00,23526.00,23928.00,24301.00,24841.00,25420.00,26079.00,26756.00,27431.00
Hombres,31,11794.00,11902.00,12020.00,12121.00,12175.00,12285.00,12423.00,12553.00,12700.00,12853.00,13013.00,13300.00,13629.00,14181.00,14739.00,15270.00,15853.00,16419.00,16992.00,17562.00,18115.00,18527.00,18902.00,19238.00,19539.00,19804.00,20046.00,20389.00,20723.00,21076.00,21411.00,21724.00,22026.00,22303.00,22504.00,22614.00,22634.00,22854.00,22995.00,23204.00,23505.00,23779.00,24218.00,24721.00,25329.00,25977.00,26660.00
Hombres,32,11503.00,11587.00,11695.00,11807.00,11904.00,11956.00,12065.00,12198.00,12321.00,12458.00,12598.00,12864.00,13264.00,13585.00,14131.00,14682.00,15204.00,15781.00,16339.00,16902.00,17464.00,17900.00,18306.00,18672.00,18998.00,19279.00,19526.00,19862.00,20179.00,20504.00,20819.00,21140.00,21465.00,21760.00,22031.00,22229.00,22341.00,22626.00,22866.00,23004.00,23210.00,23394.00,23736.00,24138.00,24666.00,25262.00,25914.00
Hombres,33,11224.00,11292.00,11377.00,11481.00,11591.00,11687.00,11741.00,11847.00,11975.00,12092.00,12219.00,12460.00,12835.00,13228.00,13543.00,14082.00,14625.00,15142.00,15711.00,16259.00,16814.00,17268.00,17700.00,18098.00,18456.00,18765.00,19032.00,19367.00,19681.00,19992.00,20285.00,20592.00,20920.00,21238.00,21528.00,21797.00,21997.00,22365.00,22664.00,22895.00,23027.00,23129.00,23381.00,23687.00,24110.00,24625.00,25221.00
Hombres,34,10954.00,11009.00,11080.00,11163.00,11267.00,11377.00,11476.00,11529.00,11633.00,11757.00,11866.00,12091.00,12435.00,12803.00,13190.00,13500.00,14031.00,14568.00,15078.00,15637.00,16177.00,16633.00,17083.00,17508.00,17900.00,18243.00,18540.00,18891.00,19209.00,19519.00,19804.00,20091.00,20404.00,20724.00,21038.00,21328.00,21598.00,22044.00,22422.00,22706.00,22927.00,22969.00,23138.00,23354.00,23677.00,24087.00,24598.00
Hombres,35,10699.00,10735.00,10795.00,10867.00,10951.00,11057.00,11171.00,11270.00,11325.00,11427.00,11546.00,11747.00,12068.00,12406.00,12769.00,13151.00,13453.00,13979.00,14509.00,15009.00,15560.00,16011.00,16463.00,16906.00,17327.00,17704.00,18035.00,18413.00,18751.00,19068.00,19357.00,19636.00,19926.00,20232.00,20550.00,20865.00,21156.00,21660.00,22111.00,22470.00,22742.00,22889.00,22996.00,23127.00,23356.00,23662.00,24066.00
Hombres,36,10449.00,10478.00,10521.00,10582.00,10656.00,10745.00,10856.00,10972.00,11072.00,11127.00,11227.00,11432.00,11723.00,12038.00,12372.00,12729.00,13105.00,13404.00,13923.00,14444.00,14938.00,15408.00,15854.00,16300.00,16738.00,17144.00,17509.00,17921.00,18289.00,18628.00,18929.00,19210.00,19490.00,19775.00,20079.00,20399.00,20716.00,21226.00,21732.00,22162.00,22508.00,22722.00,22928.00,22995.00,23135.00,23345.00,23641.00
Hombres,37,10197.00,10227.00,10264.00,10309.00,10374.00,10453.00,10548.00,10662.00,10780.00,10883.00,10937.00,11117.00,11405.00,11691.00,12002.00,12331.00,12683.00,13055.00,13349.00,13860.00,14375.00,14796.00,15261.00,15701.00,16142.00,16565.00,16960.00,17407.00,17811.00,18181.00,18508.00,18796.00,19078.00,19354.00,19638.00,19946.00,20269.00,20789.00,21299.00,21782.00,22196.00,22501.00,22768.00,22934.00,23005.00,23124.00,23320.00
Hombres,38,9941.00,9975.00,10013.00,10054.00,10104.00,10175.00,10262.00,10361.00,10478.00,10599.00,10701.00,10831.00,11086.00,11369.00,11652.00,11960.00,12284.00,12632.00,13000.00,13288.00,13793.00,14242.00,14657.00,15116.00,15550.00,15977.00,16389.00,16866.00,17307.00,17714.00,18075.00,18385.00,18674.00,18952.00,19229.00,19519.00,19831.00,20340.00,20858.00,21344.00,21812.00,22202.00,22551.00,22776.00,22942.00,22989.00,23090.00
Hombres,39,9658.00,9722.00,9765.00,9807.00,9853.00,9910.00,9989.00,10080.00,10183.00,10304.00,10426.00,10595.00,10794.00,11045.00,11326.00,11606.00,11909.00,12232.00,12577.00,12939.00,13223.00,13667.00,14109.00,14518.00,14971.00,15392.00,15807.00,16304.00,16776.00,17221.00,17621.00,17961.00,18272.00,18559.00,18840.00,19124.00,19420.00,19899.00,20406.00,20899.00,21369.00,21827.00,22253.00,22559.00,22781.00,22920.00,22946.00
Hombres,40,9336.00,9444.00,9515.00,9563.00,9611.00,9664.00,9729.00,9813.00,9910.00,10017.00,10138.00,10321.00,10553.00,10748.00,10998.00,11277.00,11554.00,11857.00,12176.00,12516.00,12875.00,13102.00,13540.00,13975.00,14378.00,14818.00,15227.00,15729.00,16222.00,16699.00,17138.00,17513.00,17854.00,18163.00,18454.00,18744.00,19035.00,19480.00,19956.00,20437.00,20916.00,21390.00,21873.00,22256.00,22556.00,22750.00,22866.00
Hombres,41,8968.00,9127.00,9242.00,9317.00,9371.00,9426.00,9488.00,9559.00,9649.00,9749.00,9858.00,10035.00,10273.00,10503.00,10698.00,10947.00,11223.00,11500.00,11800.00,12116.00,12454.00,12757.00,12979.00,13410.00,13839.00,14229.00,14656.00,15156.00,15656.00,16154.00,16626.00,17037.00,17413.00,17754.00,18067.00,18368.00,18664.00,19087.00,19529.00,19981.00,20449.00,20943.00,21432.00,21873.00,22247.00,22517.00,22685.00
Hombres,42,8671.00,8768.00,8934.00,9051.00,9132.00,9192.00,9256.00,9323.00,9400.00,9494.00,9596.00,9754.00,9982.00,10219.00,10449.00,10644.00,10891.00,11168.00,11444.00,11742.00,12057.00,12339.00,12636.00,12853.00,13278.00,13693.00,14072.00,14592.00,15089.00,15593.00,16086.00,16528.00,16941.00,17317.00,17663.00,17987.00,18295.00,18707.00,19127.00,19547.00,19988.00,20479.00,20977.00,21423.00,21853.00,22195.00,22438.00
Hombres,43,8301.00,8479.00,8584.00,8751.00,8872.00,8959.00,9027.00,9096.00,9169.00,9250.00,9345.00,9492.00,9697.00,9924.00,10162.00,10393.00,10587.00,10836.00,11114.00,11388.00,11687.00,11945.00,12222.00,12513.00,12725.00,13136.00,13540.00,14014.00,14532.00,15032.00,15532.00,15994.00,16437.00,16850.00,17231.00,17587.00,17918.00,18327.00,18738.00,19138.00,19548.00,20018.00,20503.00,20959.00,21394.00,21792.00,22107.00
Hombres,44,8012.00,8119.00,8302.00,8409.00,8579.00,8705.00,8800.00,8873.00,8946.00,9023.00,9106.00,9242.00,9432.00,9637.00,9865.00,10105.00,10336.00,10533.00,10784.00,11061.00,11337.00,11577.00,11830.00,12101.00,12386.00,12588.00,12987.00,13488.00,13960.00,14480.00,14977.00,15445.00,15907.00,16350.00,16767.00,17159.00,17521.00,17941.00,18350.00,18743.00,19136.00,19578.00,20032.00,20477.00,20920.00,21323.00,21693.00
Hombres,45,7730.00,7838.00,7950.00,8134.00,8244.00,8417.00,8549.00,8647.00,8724.00,8801.00,8879.00,8999.00,9176.00,9367.00,9575.00,9807.00,10047.00,10282.00,10483.00,10734.00,11014.00,11229.00,11463.00,11710.00,11976.00,12249.00,12441.00,12938.00,13437.00,13911.00,14429.00,14894.00,15361.00,15823.00,16269.00,16695.00,17092.00,17533.00,17955.00,18348.00,18737.00,19163.00,19579.00,19994.00,20426.00,20839.00,21212.00
Hombres,46,7444.00,7564.00,7676.00,7790.00,7975.00,8089.00,8266.00,8400.00,8501.00,8581.00,8658.00,8771.00,8930.00,9109.00,9304.00,9516.00,9748.00,9994.00,10233.00,10435.00,10690.00,10905.00,11115.00,11345.00,11587.00,11842.00,12106.00,12398.00,12893.00,13393.00,13865.00,14349.00,14812.00,15279.00,15743.00,16197.00,16627.00,17096.00,17541.00,17950.00,18341.00,18761.00,19152.00,19532.00,19934.00,20337.00,20721.00
Hombres,47,7158.00,7285.00,7409.00,7522.00,7637.00,7824.00,7942.00,8120.00,8256.00,8358.00,8438.00,8549.00,8699.00,8861.00,9044.00,9244.00,9457.00,9696.00,9946.00,10186.00,10393.00,10580.00,10791.00,10996.00,11222.00,11455.00,11701.00,12065.00,12355.00,12851.00,13348.00,13786.00,14268.00,14730.00,15198.00,15669.00,16126.00,16624.00,17097.00,17531.00,17939.00,18357.00,18735.00,19092.00,19460.00,19835.00,20211.00
Hombres,48,6870.00,7004.00,7134.00,7258.00,7373.00,7491.00,7680.00,7799.00,7977.00,8114.00,8215.00,8327.00,8476.00,8629.00,8796.00,8984.00,9186.00,9406.00,9649.00,9901.00,10147.00,10283.00,10466.00,10672.00,10875.00,11092.00,11317.00,11661.00,12022.00,12314.00,12805.00,13269.00,13705.00,14186.00,14649.00,15123.00,15596.00,16118.00,16620.00,17082.00,17515.00,17946.00,18316.00,18663.00,19010.00,19353.00,19702.00
Hombres,49,6587.00,6724.00,6860.00,6989.00,7114.00,7230.00,7351.00,7539.00,7659.00,7836.00,7971.00,8103.00,8252.00,8404.00,8564.00,8735.00,8927.00,9135.00,9360.00,9606.00,9864.00,10034.00,10167.00,10348.00,10552.00,10747.00,10957.00,11278.00,11620.00,11980.00,12268.00,12728.00,13189.00,13623.00,14104.00,14572.00,15047.00,15582.00,16107.00,16599.00,17062.00,17513.00,17891.00,18234.00,18572.00,18896.00,19216.00
Hombres,50,6313.00,6447.00,6585.00,6720.00,6849.00,6975.00,7094.00,7214.00,7401.00,7521.00,7695.00,7860.00,8029.00,8181.00,8339.00,8504.00,8679.00,8876.00,9090.00,9317.00,9569.00,9748.00,9916.00,10048.00,10227.00,10424.00,10614.00,10917.00,11235.00,11577.00,11934.00,12193.00,12649.00,13107.00,13541.00,14026.00,14494.00,15028.00,15565.00,16080.00,16571.00,17048.00,17443.00,17796.00,18132.00,18449.00,18752.00
Hombres,51,6056.00,6177.00,6312.00,6449.00,6583.00,6713.00,6840.00,6958.00,7079.00,7264.00,7381.00,7584.00,7785.00,7958.00,8117.00,8280.00,8447.00,8629.00,8832.00,9048.00,9281.00,9453.00,9630.00,9797.00,9928.00,10102.00,10295.00,10573.00,10873.00,11190.00,11528.00,11857.00,12113.00,12567.00,13025.00,13463.00,13948.00,14471.00,15006.00,15532.00,16045.00,16548.00,16966.00,17339.00,17686.00,18002.00,18300.00
Hombres,52,5823.00,5926.00,6048.00,6180.00,6316.00,6450.00,6581.00,6707.00,6824.00,6944.00,7125.00,7272.00,7511.00,7716.00,7894.00,8058.00,8224.00,8398.00,8585.00,8790.00,9012.00,9164.00,9334.00,9510.00,9677.00,9804.00,9974.00,10250.00,10526.00,10826.00,11141.00,11451.00,11777.00,12031.00,12484.00,12945.00,13382.00,13918.00,14442.00,14966.00,15489.00,16012.00,16454.00,16851.00,17218.00,17548.00,17845.00
Hombres,53,5616.00,5696.00,5800.00,5920.00,6051.00,6187.00,6322.00,6451.00,6576.00,6692.00,6808.00,7018.00,7202.00,7443.00,7653.00,7836.00,8002.00,8175.00,8354.00,8542.00,8752.00,8892.00,9044.00,9214.00,9391.00,9553.00,9678.00,9927.00,10203.00,10479.00,10777.00,11065.00,11373.00,11695.00,11949.00,12404.00,12863.00,13347.00,13882.00,14394.00,14914.00,15446.00,15907.00,16329.00,16721.00,17070.00,17381.00
Hombres,54,5437.00,5494.00,5574.00,5676.00,5794.00,5925.00,6061.00,6193.00,6320.00,6444.00,6557.00,6703.00,6948.00,7135.00,7381.00,7595.00,7780.00,7953.00,8129.00,8309.00,8503.00,8632.00,8772.00,8923.00,9094.00,9267.00,9427.00,9628.00,9876.00,10152.00,10428.00,10699.00,10985.00,11289.00,11610.00,11868.00,12321.00,12823.00,13305.00,13826.00,14332.00,14861.00,15330.00,15772.00,16189.00,16563.00,16895.00
Hombres,55,5284.00,5315.00,5373.00,5452.00,5552.00,5670.00,5800.00,5933.00,6064.00,6190.00,6309.00,6452.00,6634.00,6881.00,7073.00,7322.00,7537.00,7729.00,7905.00,8082.00,8267.00,8380.00,8509.00,8650.00,8803.00,8971.00,9142.00,9374.00,9575.00,9825.00,10101.00,10349.00,10618.00,10900.00,11202.00,11527.00,11782.00,12273.00,12772.00,13241.00,13756.00,14272.00,14736.00,15187.00,15621.00,16020.00,16376.00
Hombres,56,5152.00,5164.00,5196.00,5252.00,5330.00,5429.00,5547.00,5674.00,5804.00,5933.00,6054.00,6203.00,6382.00,6567.00,6817.00,7012.00,7262.00,7483.00,7677.00,7853.00,8034.00,8140.00,8255.00,8385.00,8528.00,8679.00,8845.00,9085.00,9318.00,9521.00,9773.00,10021.00,10266.00,10531.00,10811.00,11117.00,11438.00,11729.00,12216.00,12701.00,13162.00,13687.00,14138.00,14584.00,15026.00,15443.00,15822.00
Hombres,57,5030.00,5031.00,5043.00,5074.00,5129.00,5206.00,5306.00,5420.00,5545.00,5673.00,5797.00,5948.00,6133.00,6313.00,6502.00,6755.00,6950.00,7204.00,7427.00,7620.00,7799.00,7904.00,8012.00,8129.00,8262.00,8403.00,8553.00,8784.00,9025.00,9261.00,9467.00,9689.00,9934.00,10177.00,10440.00,10724.00,11027.00,11379.00,11666.00,12138.00,12614.00,13086.00,13545.00,13977.00,14414.00,14837.00,15233.00
Hombres,58,4910.00,4907.00,4908.00,4919.00,4949.00,5004.00,5081.00,5177.00,5289.00,5411.00,5534.00,5686.00,5873.00,6059.00,6244.00,6434.00,6687.00,6886.00,7142.00,7363.00,7559.00,7665.00,7772.00,7882.00,8001.00,8133.00,8273.00,8487.00,8721.00,8966.00,9206.00,9380.00,9599.00,9841.00,10083.00,10350.00,10631.00,10960.00,11306.00,11579.00,12043.00,12530.00,12936.00,13376.00,13798.00,14216.00,14618.00
Hombres,59,4782.00,4782.00,4778.00,4779.00,4789.00,4820.00,4875.00,4949.00,5043.00,5152.00,5269.00,5420.00,5608.00,5795.00,5985.00,6171.00,6362.00,6617.00,6819.00,7072.00,7294.00,7420.00,7529.00,7638.00,7750.00,7868.00,7999.00,8202.00,8418.00,8657.00,8907.00,9112.00,9284.00,9501.00,9742.00,9987.00,10253.00,10555.00,10877.00,11210.00,11476.00,11951.00,12371.00,12759.00,13188.00,13592.00,13987.00
Hombres,60,4642.00,4649.00,4649.00,4645.00,4645.00,4656.00,4688.00,4740.00,4812.00,4903.00,5007.00,5152.00,5338.00,5526.00,5717.00,5908.00,6093.00,6287.00,6544.00,6742.00,6996.00,7152.00,7279.00,7388.00,7500.00,7611.00,7728.00,7921.00,8128.00,8350.00,8595.00,8807.00,9011.00,9181.00,9398.00,9643.00,9887.00,10168.00,10465.00,10774.00,11099.00,11378.00,11786.00,12188.00,12566.00,12976.00,13357.00
Hombres,61,4487.00,4504.00,4510.00,4508.00,4504.00,4505.00,4517.00,4546.00,4596.00,4666.00,4752.00,4884.00,5063.00,5250.00,5441.00,5632.00,5822.00,6012.00,6207.00,6459.00,6659.00,6849.00,7005.00,7133.00,7245.00,7354.00,7465.00,7644.00,7842.00,8056.00,8286.00,8488.00,8699.00,8900.00,9071.00,9292.00,9535.00,9791.00,10068.00,10353.00,10655.00,10993.00,11207.00,11597.00,11989.00,12348.00,12735.00
Hombres,62,4319.00,4343.00,4358.00,4363.00,4361.00,4357.00,4359.00,4370.00,4397.00,4446.00,4511.00,4625.00,4791.00,4970.00,5159.00,5351.00,5541.00,5735.00,5924.00,6116.00,6369.00,6508.00,6698.00,6854.00,6983.00,7093.00,7201.00,7376.00,7562.00,7767.00,7989.00,8173.00,8375.00,8583.00,8784.00,8959.00,9179.00,9432.00,9685.00,9951.00,10230.00,10545.00,10816.00,11015.00,11394.00,11766.00,12103.00
Hombres,63,4145.00,4169.00,4190.00,4204.00,4208.00,4206.00,4204.00,4204.00,4213.00,4240.00,4284.00,4378.00,4526.00,4693.00,4875.00,5064.00,5254.00,5448.00,5642.00,5828.00,6021.00,6215.00,6354.00,6542.00,6698.00,6824.00,6932.00,7107.00,7289.00,7482.00,7697.00,7868.00,8051.00,8250.00,8457.00,8663.00,8838.00,9066.00,9317.00,9562.00,9824.00,10113.00,10360.00,10617.00,10808.00,11167.00,11516.00
Hombres,64,3967.00,3989.00,4010.00,4030.00,4042.00,4047.00,4047.00,4043.00,4042.00,4052.00,4075.00,4148.00,4276.00,4425.00,4594.00,4776.00,4964.00,5156.00,5350.00,5540.00,5727.00,5865.00,6057.00,6196.00,6382.00,6535.00,6659.00,6835.00,7017.00,7205.00,7407.00,7567.00,7738.00,7919.00,8118.00,8330.00,8534.00,8719.00,8947.00,9192.00,9434.00,9702.00,9923.00,10157.00,10404.00,10579.00,10915.00
Hombres,65,3783.00,3804.00,3824.00,3844.00,3862.00,3875.00,3881.00,3879.00,3875.00,3875.00,3882.00,3935.00,4043.00,4172.00,4323.00,4492.00,4672.00,4862.00,5055.00,5244.00,5434.00,5568.00,5705.00,5895.00,6033.00,6215.00,6364.00,6558.00,6741.00,6930.00,7127.00,7271.00,7431.00,7600.00,7780.00,7984.00,8194.00,8410.00,8596.00,8819.00,9063.00,9305.00,9506.00,9714.00,9938.00,10167.00,10324.00
Hombres,66,3596.00,3617.00,3636.00,3654.00,3673.00,3691.00,3705.00,3709.00,3707.00,3704.00,3702.00,3739.00,3827.00,3937.00,4068.00,4219.00,4385.00,4567.00,4756.00,4944.00,5133.00,5272.00,5406.00,5542.00,5729.00,5864.00,6041.00,6260.00,6460.00,6649.00,6845.00,6982.00,7127.00,7285.00,7453.00,7639.00,7841.00,8065.00,8282.00,8466.00,8690.00,8927.00,9102.00,9291.00,9491.00,9699.00,9908.00
Hombres,67,3399.00,3426.00,3446.00,3463.00,3480.00,3499.00,3519.00,3531.00,3534.00,3534.00,3530.00,3558.00,3630.00,3720.00,3832.00,3963.00,4111.00,4279.00,4460.00,4643.00,4830.00,4970.00,5108.00,5240.00,5375.00,5558.00,5689.00,5935.00,6159.00,6363.00,6560.00,6694.00,6832.00,6975.00,7132.00,7306.00,7490.00,7709.00,7935.00,8151.00,8337.00,8545.00,8716.00,8881.00,9062.00,9247.00,9436.00
Hombres,68,3185.00,3226.00,3251.00,3270.00,3286.00,3304.00,3325.00,3343.00,3354.00,3360.00,3358.00,3384.00,3447.00,3521.00,3613.00,3725.00,3853.00,4003.00,4169.00,4344.00,4527.00,4667.00,4805.00,4941.00,5072.00,5203.00,5380.00,5580.00,5830.00,6056.00,6267.00,6401.00,6536.00,6672.00,6815.00,6979.00,7151.00,7356.00,7577.00,7803.00,8020.00,8182.00,8327.00,8489.00,8648.00,8814.00,8981.00
Hombres,69,2954.00,3012.00,3051.00,3075.00,3093.00,3110.00,3130.00,3149.00,3166.00,3180.00,3184.00,3211.00,3271.00,3336.00,3412.00,3504.00,3613.00,3743.00,3891.00,4051.00,4224.00,4362.00,4501.00,4637.00,4771.00,4898.00,5025.00,5269.00,5472.00,5723.00,5955.00,6103.00,6238.00,6371.00,6507.00,6656.00,6817.00,7013.00,7221.00,7442.00,7669.00,7853.00,7956.00,8094.00,8250.00,8396.00,8547.00
Hombres,70,2709.00,2784.00,2839.00,2875.00,2899.00,2918.00,2938.00,2957.00,2975.00,2995.00,3007.00,3039.00,3099.00,3160.00,3227.00,3303.00,3392.00,3502.00,3629.00,3771.00,3928.00,4060.00,4197.00,4333.00,4467.00,4598.00,4721.00,4912.00,5156.00,5360.00,5614.00,5785.00,5934.00,6067.00,6200.00,6342.00,6489.00,6678.00,6877.00,7084.00,7306.00,7491.00,7618.00,7715.00,7849.00,7993.00,8125.00
Hombres,71,2458.00,2544.00,2614.00,2667.00,2702.00,2727.00,2749.00,2768.00,2786.00,2808.00,2826.00,2864.00,2927.00,2987.00,3050.00,3117.00,3189.00,3279.00,3387.00,3508.00,3646.00,3767.00,3897.00,4030.00,4164.00,4295.00,4421.00,4605.00,4798.00,5041.00,5248.00,5444.00,5614.00,5760.00,5891.00,6029.00,6169.00,6346.00,6537.00,6736.00,6944.00,7117.00,7248.00,7370.00,7465.00,7588.00,7719.00
Hombres,72,2211.00,2300.00,2381.00,2448.00,2499.00,2535.00,2562.00,2583.00,2603.00,2624.00,2645.00,2687.00,2753.00,2815.00,2877.00,2938.00,3001.00,3075.00,3162.00,3263.00,3380.00,3486.00,3605.00,3732.00,3864.00,3993.00,4119.00,4303.00,4487.00,4679.00,4923.00,5076.00,5270.00,5436.00,5580.00,5717.00,5853.00,6024.00,6203.00,6392.00,6590.00,6744.00,6867.00,6994.00,7114.00,7201.00,7313.00
Hombres,73,1976.00,2062.00,2146.00,2223.00,2287.00,2338.00,2376.00,2403.00,2424.00,2447.00,2468.00,2510.00,2577.00,2642.00,2705.00,2765.00,2822.00,2886.00,2957.00,3037.00,3135.00,3224.00,3328.00,3444.00,3569.00,3697.00,3822.00,4000.00,4182.00,4365.00,4558.00,4750.00,4903.00,5091.00,5253.00,5401.00,5534.00,5703.00,5876.00,6053.00,6241.00,6380.00,6487.00,6608.00,6733.00,6845.00,6922.00
Hombres,74,1759.00,1836.00,1917.00,1996.00,2070.00,2133.00,2185.00,2222.00,2250.00,2275.00,2297.00,2337.00,2401.00,2466.00,2531.00,2592.00,2647.00,2705.00,2766.00,2830.00,2908.00,2982.00,3070.00,3172.00,3286.00,3407.00,3529.00,3702.00,3878.00,4058.00,4241.00,4388.00,4578.00,4725.00,4908.00,5073.00,5216.00,5384.00,5553.00,5722.00,5896.00,6022.00,6119.00,6226.00,6345.00,6463.00,6565.00
Hombres,75,1566.00,1630.00,1702.00,1778.00,1854.00,1926.00,1989.00,2039.00,2076.00,2106.00,2131.00,2169.00,2228.00,2290.00,2355.00,2417.00,2472.00,2528.00,2583.00,2637.00,2699.00,2757.00,2831.00,2917.00,3018.00,3127.00,3243.00,3407.00,3577.00,3750.00,3929.00,4071.00,4216.00,4399.00,4542.00,4726.00,4885.00,5062.00,5227.00,5391.00,5555.00,5665.00,5755.00,5853.00,5959.00,6072.00,6181.00
Hombres,76,1394.00,1446.00,1506.00,1574.00,1647.00,1720.00,1791.00,1852.00,1900.00,1940.00,1969.00,2007.00,2062.00,2119.00,2180.00,2241.00,2298.00,2354.00,2406.00,2454.00,2506.00,2552.00,2610.00,2682.00,2767.00,2863.00,2967.00,3120.00,3282.00,3448.00,3621.00,3763.00,3902.00,4041.00,4216.00,4361.00,4538.00,4728.00,4901.00,5059.00,5216.00,5317.00,5396.00,5487.00,5585.00,5686.00,5790.00
Hombres,77,1242.00,1283.00,1331.00,1388.00,1453.00,1523.00,1595.00,1662.00,1720.00,1770.00,1808.00,1848.00,1899.00,1952.00,2007.00,2065.00,2121.00,2177.00,2229.00,2274.00,2319.00,2359.00,2406.00,2464.00,2534.00,2616.00,2707.00,2844.00,2994.00,3151.00,3316.00,3454.00,3593.00,3726.00,3859.00,4034.00,4173.00,4377.00,4561.00,4725.00,4875.00,4971.00,5045.00,5126.00,5218.00,5312.00,5405.00
Hombres,78,1105.00,1137.00,1176.00,1222.00,1276.00,1338.00,1407.00,1475.00,1539.00,1598.00,1645.00,1690.00,1741.00,1789.00,1840.00,1893.00,1945.00,1999.00,2051.00,2096.00,2138.00,2176.00,2216.00,2262.00,2318.00,2385.00,2462.00,2582.00,2716.00,2862.00,3017.00,3152.00,3287.00,3419.00,3545.00,3679.00,3846.00,4009.00,4205.00,4378.00,4531.00,4623.00,4697.00,4774.00,4857.00,4945.00,5033.00
Hombres,79,981.00,1007.00,1038.00,1074.00,1118.00,1170.00,1231.00,1295.00,1360.00,1424.00,1479.00,1531.00,1583.00,1631.00,1678.00,1726.00,1773.00,1823.00,1874.00,1918.00,1960.00,1996.00,2034.00,2073.00,2118.00,2171.00,2234.00,2337.00,2455.00,2585.00,2729.00,2857.00,2988.00,3115.00,3240.00,3366.00,3493.00,3679.00,3835.00,4018.00,4180.00,4278.00,4352.00,4428.00,4507.00,4586.00,4668.00
Hombres,80,868.00,891.00,915.00,944.00,979.00,1021.00,1071.00,1128.00,1189.00,1252.00,1311.00,1368.00,1424.00,1474.00,1521.00,1565.00,1607.00,1653.00,1699.00,1742.00,1784.00,1821.00,1857.00,1893.00,1931.00,1974.00,2023.00,2110.00,2210.00,2323.00,2452.00,2572.00,2696.00,2819.00,2939.00,3063.00,3183.00,3327.00,3503.00,3646.00,3815.00,3924.00,4008.00,4085.00,4163.00,4238.00,4311.00
Hombres,81,762.00,783.00,804.00,827.00,855.00,888.00,929.00,976.00,1030.00,1089.00,1147.00,1206.00,1265.00,1318.00,1366.00,1409.00,1448.00,1489.00,1531.00,1570.00,1611.00,1649.00,1685.00,1720.00,1754.00,1790.00,1828.00,1900.00,1985.00,2081.00,2193.00,2301.00,2416.00,2531.00,2646.00,2765.00,2881.00,3014.00,3149.00,3311.00,3441.00,3563.00,3660.00,3746.00,3824.00,3898.00,3967.00
Hombres,82,664.00,684.00,703.00,723.00,745.00,772.00,804.00,842.00,886.00,938.00,992.00,1048.00,1107.00,1162.00,1213.00,1258.00,1295.00,1333.00,1371.00,1406.00,1443.00,1480.00,1517.00,1551.00,1583.00,1615.00,1646.00,1706.00,1777.00,1858.00,1954.00,2048.00,2151.00,2257.00,2365.00,2478.00,2589.00,2715.00,2839.00,2961.00,3108.00,3197.00,3308.00,3405.00,3489.00,3561.00,3627.00
Hombres,83,571.00,591.00,610.00,628.00,647.00,668.00,695.00,725.00,760.00,802.00,849.00,900.00,956.00,1011.00,1063.00,1110.00,1149.00,1185.00,1220.00,1251.00,1284.00,1319.00,1354.00,1388.00,1420.00,1449.00,1476.00,1528.00,1587.00,1654.00,1735.00,1815.00,1904.00,1999.00,2097.00,2203.00,2308.00,2425.00,2542.00,2653.00,2762.00,2870.00,2953.00,3061.00,3154.00,3232.00,3296.00
Hombres,84,485.00,505.00,523.00,540.00,557.00,576.00,597.00,621.00,649.00,683.00,721.00,765.00,815.00,866.00,918.00,966.00,1006.00,1044.00,1077.00,1106.00,1135.00,1166.00,1198.00,1230.00,1261.00,1289.00,1315.00,1361.00,1412.00,1468.00,1534.00,1601.00,1678.00,1759.00,1846.00,1942.00,2039.00,2148.00,2255.00,2359.00,2458.00,2534.00,2636.00,2717.00,2820.00,2906.00,2975.00
Hombres,85,408.00,427.00,445.00,461.00,477.00,493.00,511.00,530.00,552.00,579.00,610.00,645.00,687.00,732.00,780.00,827.00,869.00,908.00,942.00,969.00,996.00,1022.00,1050.00,1079.00,1108.00,1136.00,1160.00,1203.00,1249.00,1297.00,1352.00,1408.00,1471.00,1540.00,1614.00,1699.00,1786.00,1885.00,1984.00,2079.00,2171.00,2240.00,2313.00,2411.00,2488.00,2581.00,2656.00
Hombres,86,338.00,356.00,373.00,389.00,404.00,419.00,434.00,450.00,468.00,489.00,512.00,540.00,574.00,612.00,655.00,698.00,739.00,778.00,813.00,841.00,867.00,890.00,914.00,939.00,965.00,991.00,1014.00,1054.00,1096.00,1138.00,1185.00,1232.00,1285.00,1341.00,1403.00,1476.00,1551.00,1639.00,1729.00,1816.00,1899.00,1964.00,2031.00,2101.00,2191.00,2260.00,2341.00
Hombres,87,274.00,291.00,307.00,322.00,337.00,351.00,365.00,379.00,394.00,411.00,430.00,451.00,477.00,508.00,543.00,581.00,618.00,657.00,692.00,721.00,747.00,768.00,789.00,810.00,832.00,854.00,875.00,913.00,952.00,990.00,1032.00,1072.00,1116.00,1162.00,1213.00,1273.00,1337.00,1412.00,1491.00,1569.00,1644.00,1704.00,1767.00,1830.00,1894.00,1975.00,2033.00
Hombres,88,220.00,235.00,249.00,264.00,277.00,290.00,303.00,316.00,329.00,343.00,358.00,374.00,395.00,419.00,447.00,478.00,510.00,545.00,578.00,607.00,634.00,654.00,673.00,691.00,710.00,728.00,746.00,781.00,817.00,853.00,891.00,927.00,964.00,1001.00,1042.00,1091.00,1143.00,1206.00,1273.00,1341.00,1408.00,1462.00,1519.00,1578.00,1636.00,1692.00,1760.00
Hombres,89,173.00,186.00,198.00,211.00,223.00,235.00,248.00,259.00,271.00,283.00,295.00,307.00,323.00,342.00,364.00,389.00,415.00,445.00,475.00,503.00,529.00,549.00,568.00,584.00,599.00,615.00,630.00,660.00,691.00,724.00,757.00,790.00,823.00,855.00,888.00,927.00,970.00,1021.00,1077.00,1134.00,1192.00,1239.00,1290.00,1343.00,1396.00,1445.00,1491.00
Hombres,90,133.00,144.00,155.00,166.00,177.00,188.00,199.00,209.00,220.00,230.00,241.00,251.00,264.00,278.00,295.00,314.00,334.00,358.00,384.00,408.00,433.00,453.00,470.00,486.00,499.00,512.00,525.00,550.00,577.00,606.00,637.00,667.00,696.00,724.00,752.00,783.00,816.00,858.00,903.00,949.00,997.00,1038.00,1083.00,1130.00,1176.00,1221.00,1261.00
Hombres,91,100.00,109.00,119.00,128.00,137.00,147.00,157.00,166.00,175.00,185.00,194.00,202.00,212.00,223.00,236.00,250.00,266.00,284.00,305.00,325.00,347.00,365.00,382.00,397.00,410.00,422.00,432.00,453.00,476.00,500.00,527.00,554.00,581.00,606.00,629.00,655.00,681.00,715.00,751.00,787.00,825.00,858.00,896.00,937.00,978.00,1016.00,1052.00
Hombres,92,74.00,81.00,88.00,96.00,104.00,112.00,120.00,129.00,137.00,145.00,153.00,160.00,169.00,177.00,187.00,198.00,210.00,224.00,239.00,255.00,273.00,289.00,304.00,318.00,331.00,341.00,350.00,368.00,387.00,407.00,429.00,453.00,477.00,499.00,520.00,541.00,562.00,589.00,617.00,646.00,676.00,701.00,732.00,766.00,800.00,834.00,864.00
Hombres,93,54.00,60.00,66.00,72.00,78.00,84.00,91.00,98.00,105.00,112.00,119.00,125.00,132.00,139.00,147.00,155.00,164.00,174.00,185.00,197.00,211.00,223.00,237.00,249.00,261.00,272.00,280.00,295.00,310.00,326.00,344.00,364.00,385.00,404.00,422.00,441.00,458.00,480.00,502.00,524.00,547.00,565.00,588.00,615.00,644.00,672.00,697.00
Hombres,94,38.00,42.00,47.00,52.00,56.00,62.00,67.00,73.00,79.00,85.00,90.00,96.00,102.00,107.00,114.00,120.00,126.00,133.00,142.00,150.00,160.00,170.00,180.00,190.00,201.00,210.00,218.00,231.00,244.00,257.00,271.00,288.00,305.00,321.00,337.00,353.00,367.00,385.00,403.00,419.00,436.00,449.00,467.00,487.00,510.00,532.00,553.00
Hombres,95,26.00,29.00,32.00,36.00,40.00,44.00,48.00,53.00,57.00,62.00,67.00,71.00,76.00,81.00,86.00,91.00,96.00,101.00,107.00,113.00,121.00,127.00,135.00,143.00,151.00,159.00,167.00,177.00,188.00,198.00,209.00,222.00,236.00,249.00,262.00,276.00,288.00,303.00,318.00,331.00,343.00,352.00,365.00,379.00,396.00,414.00,430.00
Hombres,96,17.00,20.00,22.00,25.00,27.00,30.00,34.00,37.00,41.00,44.00,48.00,52.00,56.00,60.00,64.00,68.00,71.00,75.00,80.00,84.00,89.00,93.00,99.00,105.00,111.00,117.00,124.00,132.00,141.00,149.00,158.00,169.00,179.00,190.00,200.00,211.00,221.00,234.00,245.00,256.00,265.00,271.00,280.00,290.00,302.00,315.00,327.00
Hombres,97,12.00,13.00,15.00,17.00,19.00,21.00,24.00,26.00,29.00,32.00,35.00,37.00,40.00,44.00,47.00,50.00,52.00,55.00,59.00,61.00,65.00,68.00,71.00,75.00,80.00,85.00,89.00,96.00,103.00,110.00,117.00,125.00,133.00,141.00,149.00,158.00,166.00,176.00,186.00,194.00,201.00,206.00,211.00,218.00,226.00,235.00,244.00
Hombres,98,7.00,9.00,10.00,11.00,12.00,14.00,15.00,17.00,19.00,21.00,23.00,25.00,28.00,30.00,32.00,35.00,37.00,39.00,41.00,43.00,46.00,47.00,50.00,52.00,56.00,59.00,63.00,68.00,73.00,78.00,84.00,90.00,96.00,102.00,108.00,114.00,120.00,128.00,136.00,143.00,149.00,152.00,156.00,161.00,166.00,172.00,177.00
Hombres,99,5.00,5.00,6.00,7.00,8.00,9.00,10.00,11.00,12.00,14.00,15.00,17.00,18.00,20.00,22.00,24.00,25.00,27.00,28.00,30.00,31.00,33.00,34.00,36.00,38.00,40.00,42.00,46.00,50.00,54.00,58.00,63.00,68.00,72.00,76.00,81.00,85.00,91.00,97.00,102.00,107.00,109.00,112.00,115.00,119.00,123.00,126.00
Hombres,100,3.00,3.00,3.00,4.00,5.00,5.00,6.00,7.00,8.00,9.00,10.00,11.00,12.00,13.00,15.00,16.00,17.00,18.00,19.00,20.00,21.00,22.00,23.00,24.00,25.00,26.00,28.00,30.00,33.00,36.00,39.00,42.00,46.00,49.00,52.00,55.00,58.00,62.00,67.00,70.00,74.00,76.00,78.00,80.00,83.00,85.00,88.00
Hombres,101,1.00,2.00,2.00,2.00,3.00,3.00,3.00,4.00,5.00,5.00,6.00,7.00,7.00,8.00,9.00,10.00,11.00,11.00,12.00,13.00,14.00,14.00,15.00,15.00,16.00,17.00,18.00,19.00,21.00,23.00,25.00,27.00,30.00,32.00,34.00,37.00,39.00,42.00,44.00,47.00,50.00,51.00,53.00,54.00,56.00,58.00,59.00
Hombres,102,1.00,1.00,1.00,1.00,1.00,2.00,2.00,2.00,3.00,3.00,3.00,4.00,4.00,5.00,5.00,6.00,6.00,7.00,8.00,8.00,9.00,9.00,9.00,10.00,10.00,10.00,11.00,12.00,13.00,14.00,15.00,17.00,18.00,20.00,22.00,23.00,25.00,27.00,28.00,30.00,32.00,33.00,34.00,35.00,36.00,37.00,38.00
Hombres,103,0.00,0.00,0.00,1.00,1.00,1.00,1.00,1.00,1.00,2.00,2.00,2.00,2.00,3.00,3.00,3.00,4.00,4.00,4.00,5.00,5.00,5.00,6.00,6.00,6.00,6.00,7.00,7.00,8.00,8.00,9.00,10.00,11.00,12.00,13.00,14.00,15.00,16.00,17.00,18.00,19.00,20.00,21.00,22.00,23.00,24.00,24.00
Hombres,104,0.00,0.00,0.00,0.00,0.00,0.00,1.00,1.00,1.00,1.00,1.00,1.00,1.00,2.00,2.00,2.00,2.00,2.00,3.00,3.00,3.00,3.00,3.00,3.00,3.00,4.00,4.00,4.00,4.00,5.00,5.00,5.00,6.00,7.00,7.00,8.00,9.00,9.00,10.00,11.00,11.00,12.00,12.00,13.00,14.00,14.00,15.00
Hombres,105,0.00,0.00,0.00,0.00,0.00,0.00,0.00,0.00,0.00,0.00,0.00,0.00,1.00,1.00,1.00,1.00,1.00,1.00,1.00,1.00,1.00,1.00,2.00,2.00,2.00,2.00,2.00,2.00,2.00,3.00,3.00,3.00,3.00,4.00,4.00,4.00,5.00,5.00,5.00,6.00,6.00,7.00,7.00,7.00,8.00,8.00,9.00
Hombres,106,0.00,0.00,0.00,0.00,0.00,0.00,0.00,0.00,0.00,0.00,0.00,0.00,0.00,0.00,1.00,1.00,1.00,1.00,1.00,1.00,1.00,1.00,1.00,1.00,1.00,1.00,1.00,1.00,1.00,1.00,1.00,1.00,2.00,2.00,2.00,2.00,3.00,3.00,3.00,3.00,3.00,4.00,4.00,4.00,4.00,4.00,4.00
Hombres,107,0.00,0.00,0.00,0.00,0.00,0.00,0.00,0.00,0.00,0.00,0.00,0.00,0.00,0.00,0.00,0.00,0.00,0.00,0.00,0.00,0.00,0.00,0.00,0.00,0.00,0.00,0.00,0.00,1.00,1.00,1.00,1.00,1.00,1.00,1.00,1.00,1.00,1.00,1.00,2.00,2.00,2.00,2.00,2.00,3.00,3.00,3.00
Hombres,108,0.00,0.00,0.00,0.00,0.00,0.00,0.00,0.00,0.00,0.00,0.00,0.00,0.00,0.00,0.00,0.00,0.00,0.00,0.00,0.00,0.00,0.00,0.00,0.00,0.00,0.00,0.00,0.00,0.00,0.00,0.00,0.00,0.00,0.00,0.00,0.00,0.00,0.00,0.00,0.00,0.00,0.00,0.00,1.00,1.00,1.00,2.00
Hombres,109,0.00,0.00,0.00,0.00,0.00,0.00,0.00,0.00,0.00,0.00,0.00,0.00,0.00,0.00,0.00,0.00,0.00,0.00,0.00,0.00,0.00,0.00,0.00,0.00,0.00,0.00,0.00,0.00,0.00,0.00,0.00,0.00,0.00,0.00,0.00,0.00,0.00,0.00,0.00,0.00,0.00,0.00,0.00,0.00,0.00,0.00,0.00
Mujeres,0,47298.00,47686.00,48026.00,48233.00,48256.00,48088.00,47747.00,47101.00,46446.00,45827.00,45243.00,45205.00,45721.00,46261.00,46780.00,47296.00,47796.00,48289.00,48784.00,49287.00,49711.00,48837.00,47987.00,47010.00,45972.00,44840.00,43577.00,43221.00,42866.00,42489.00,42182.00,41555.00,40899.00,40242.00,39640.00,39075.00,38446.00,38341.00,38332.00,38376.00,38387.00,38321.00,38231.00,38061.00,37928.00,37745.00,37460.00
Mujeres,1,43720.00,44236.00,44709.00,45086.00,45333.00,45403.00,45289.00,45008.00,44443.00,43892.00,43371.00,43420.00,44051.00,44726.00,45392.00,46032.00,46663.00,47275.00,47879.00,48492.00,49078.00,48265.00,47526.00,46796.00,45926.00,44978.00,43996.00,43742.00,43398.00,42999.00,42695.00,41999.00,41321.00,40645.00,39952.00,39333.00,38773.00,38706.00,38657.00,38685.00,38733.00,38621.00,38500.00,38324.00,38217.00,38066.00,37876.00
Mujeres,2,41335.00,41865.00,42401.00,42866.00,43241.00,43494.00,43580.00,43488.00,43232.00,42712.00,42197.00,42271.00,42941.00,43648.00,44377.00,45096.00,45789.00,46475.00,47143.00,47809.00,48486.00,47833.00,47113.00,46495.00,45864.00,45101.00,44301.00,44242.00,43997.00,43608.00,43258.00,42464.00,41751.00,41080.00,40392.00,39697.00,39113.00,39156.00,39113.00,39055.00,39059.00,38990.00,38824.00,38648.00,38506.00,38377.00,38216.00
Mujeres,3,39337.00,39852.00,40402.00,40919.00,41369.00,41734.00,41984.00,42071.00,41983.00,41743.00,41243.00,41323.00,42008.00,42720.00,43455.00,44210.00,44956.00,45676.00,46389.00,47089.00,47787.00,47283.00,46722.00,46130.00,45613.00,45099.00,44483.00,44512.00,44463.00,44185.00,43833.00,42939.00,42158.00,41472.00,40810.00,40132.00,39492.00,39497.00,39547.00,39474.00,39376.00,39296.00,39171.00,38960.00,38799.00,38631.00,38487.00
Mujeres,4,37568.00,38053.00,38581.00,39108.00,39605.00,40042.00,40395.00,40635.00,40716.00,40631.00,40394.00,40486.00,41167.00,41871.00,42593.00,43337.00,44101.00,44855.00,45584.00,46308.00,47018.00,46624.00,46213.00,45782.00,45294.00,44901.00,44530.00,44643.00,44684.00,44612.00,44362.00,43441.00,42582.00,41840.00,41180.00,40534.00,39921.00,39828.00,39832.00,39847.00,39731.00,39591.00,39447.00,39281.00,39069.00,38879.00,38690.00
Mujeres,5,35945.00,36414.00,36905.00,37411.00,37916.00,38399.00,38818.00,39156.00,39385.00,39459.00,39368.00,39708.00,40386.00,41068.00,41769.00,42488.00,43226.00,43986.00,44735.00,45458.00,46176.00,45904.00,45604.00,45322.00,44993.00,44633.00,44379.00,44629.00,44757.00,44784.00,44739.00,43913.00,43041.00,42229.00,41523.00,40881.00,40306.00,40183.00,40087.00,40056.00,40030.00,39918.00,39706.00,39521.00,39338.00,39097.00,38879.00
Mujeres,6,34428.00,34893.00,35363.00,35831.00,36314.00,36804.00,37267.00,37668.00,37990.00,38205.00,38266.00,38733.00,39637.00,40304.00,40973.00,41660.00,42363.00,43088.00,43832.00,44563.00,45268.00,45125.00,44945.00,44772.00,44588.00,44387.00,44162.00,44420.00,44687.00,44809.00,44862.00,44242.00,43475.00,42657.00,41889.00,41204.00,40639.00,40490.00,40367.00,40241.00,40174.00,40188.00,39993.00,39738.00,39527.00,39313.00,39038.00
Mujeres,7,32992.00,33454.00,33918.00,34366.00,34813.00,35280.00,35749.00,36192.00,36574.00,36879.00,37076.00,37671.00,38676.00,39560.00,40205.00,40852.00,41515.00,42195.00,42895.00,43611.00,44315.00,44288.00,44235.00,44177.00,44098.00,44039.00,43965.00,44148.00,44426.00,44693.00,44840.00,44329.00,43775.00,43067.00,42299.00,41557.00,40954.00,40751.00,40605.00,40458.00,40300.00,40299.00,40217.00,39978.00,39691.00,39449.00,39199.00
Mujeres,8,31607.00,32090.00,32550.00,32992.00,33418.00,33849.00,34295.00,34743.00,35165.00,35528.00,35812.00,36513.00,37618.00,38595.00,39449.00,40065.00,40680.00,41313.00,41961.00,42626.00,43306.00,43409.00,43467.00,43529.00,43560.00,43601.00,43661.00,43896.00,44101.00,44384.00,44676.00,44275.00,43835.00,43342.00,42688.00,41950.00,41295.00,40987.00,40790.00,40627.00,40453.00,40382.00,40273.00,40147.00,39874.00,39557.00,39280.00
Mujeres,9,30265.00,30781.00,31259.00,31697.00,32117.00,32527.00,32937.00,33362.00,33789.00,34190.00,34529.00,35286.00,36464.00,37533.00,38472.00,39288.00,39864.00,40441.00,41035.00,41639.00,42260.00,42471.00,42651.00,42815.00,42958.00,43100.00,43250.00,43527.00,43787.00,44003.00,44311.00,44076.00,43753.00,43378.00,42942.00,42321.00,41674.00,41248.00,40950.00,40741.00,40556.00,40485.00,40294.00,40141.00,39982.00,39677.00,39326.00
Mujeres,10,28962.00,29518.00,30027.00,30483.00,30899.00,31301.00,31690.00,32079.00,32483.00,32887.00,33263.00,34041.00,35238.00,36373.00,37395.00,38288.00,39055.00,39585.00,40115.00,40656.00,41209.00,41487.00,41766.00,42040.00,42275.00,42519.00,42758.00,43043.00,43346.00,43619.00,43859.00,43668.00,43516.00,43260.00,42947.00,42548.00,42021.00,41538.00,41125.00,40823.00,40597.00,40528.00,40324.00,40089.00,39904.00,39711.00,39374.00
Mujeres,11,27671.00,28270.00,28818.00,29304.00,29737.00,30134.00,30516.00,30885.00,31253.00,31635.00,32013.00,32793.00,33976.00,35126.00,36210.00,37180.00,38019.00,38733.00,39210.00,39684.00,40169.00,40499.00,40832.00,41190.00,41521.00,41842.00,42166.00,42471.00,42784.00,43105.00,43404.00,43174.00,43069.00,42985.00,42793.00,42516.00,42210.00,41784.00,41322.00,40913.00,40602.00,40500.00,40284.00,40038.00,39772.00,39552.00,39327.00
Mujeres,12,26384.00,27011.00,27599.00,28123.00,28586.00,29000.00,29377.00,29738.00,30086.00,30433.00,30789.00,31539.00,32692.00,33827.00,34925.00,35956.00,36872.00,37656.00,38315.00,38737.00,39154.00,39524.00,39894.00,40289.00,40687.00,41087.00,41470.00,41808.00,42141.00,42475.00,42821.00,42676.00,42533.00,42493.00,42469.00,42310.00,42123.00,41864.00,41470.00,41021.00,40618.00,40430.00,40170.00,39914.00,39638.00,39339.00,39088.00
Mujeres,13,25103.00,25739.00,26354.00,26917.00,27416.00,27859.00,28252.00,28608.00,28949.00,29275.00,29597.00,30296.00,31390.00,32498.00,33584.00,34631.00,35610.00,36473.00,37204.00,37807.00,38176.00,38565.00,38956.00,39369.00,39785.00,40233.00,40674.00,41036.00,41404.00,41761.00,42120.00,42047.00,41986.00,41907.00,41922.00,41924.00,41851.00,41674.00,41459.00,41087.00,40658.00,40366.00,40011.00,39714.00,39432.00,39125.00,38798.00
Mujeres,14,23847.00,24470.00,25093.00,25681.00,26217.00,26694.00,27114.00,27485.00,27820.00,28139.00,28440.00,29079.00,30096.00,31149.00,32210.00,33248.00,34245.00,35173.00,35984.00,36662.00,37213.00,37615.00,38004.00,38419.00,38831.00,39280.00,39747.00,40152.00,40545.00,40937.00,41319.00,41282.00,41296.00,41295.00,41268.00,41301.00,41385.00,41301.00,41181.00,40997.00,40656.00,40317.00,39856.00,39472.00,39155.00,38846.00,38518.00
Mujeres,15,22628.00,23224.00,23832.00,24425.00,24984.00,25495.00,25948.00,26344.00,26692.00,27004.00,27296.00,27892.00,28828.00,29807.00,30816.00,31832.00,32822.00,33770.00,34648.00,35408.00,36034.00,36651.00,37031.00,37426.00,37815.00,38245.00,38692.00,39123.00,39558.00,39977.00,40391.00,40392.00,40452.00,40524.00,40575.00,40554.00,40673.00,40743.00,40731.00,40655.00,40510.00,40230.00,39722.00,39239.00,38844.00,38506.00,38183.00
Mujeres,16,21437.00,22014.00,22593.00,23170.00,23732.00,24263.00,24746.00,25173.00,25544.00,25867.00,26152.00,26719.00,27595.00,28496.00,29434.00,30400.00,31370.00,32314.00,33214.00,34041.00,34750.00,35453.00,36024.00,36393.00,36740.00,37136.00,37543.00,37969.00,38432.00,38895.00,39330.00,39363.00,39478.00,39596.00,39719.00,39759.00,39835.00,39949.00,40103.00,40153.00,40122.00,40002.00,39559.00,39039.00,38557.00,38148.00,37807.00
Mujeres,17,20280.00,20843.00,21402.00,21948.00,22492.00,23025.00,23525.00,23980.00,24379.00,24723.00,25017.00,25559.00,26392.00,27236.00,28100.00,28999.00,29922.00,30848.00,31747.00,32599.00,33376.00,34150.00,34790.00,35330.00,35635.00,35978.00,36332.00,36746.00,37203.00,37697.00,38168.00,38209.00,38374.00,38546.00,38717.00,38812.00,38956.00,39045.00,39258.00,39491.00,39590.00,39550.00,39276.00,38826.00,38317.00,37829.00,37428.00
Mujeres,18,19175.00,19714.00,20257.00,20783.00,21296.00,21810.00,22310.00,22781.00,23206.00,23576.00,23887.00,24425.00,25223.00,26028.00,26839.00,27668.00,28528.00,29412.00,30297.00,31150.00,31956.00,32772.00,33473.00,34066.00,34528.00,34818.00,35104.00,35502.00,35945.00,36437.00,36928.00,36987.00,37175.00,37394.00,37617.00,37745.00,37950.00,38128.00,38327.00,38631.00,38914.00,38969.00,38789.00,38512.00,38083.00,37574.00,37105.00
Mujeres,19,18138.00,18647.00,19166.00,19675.00,20168.00,20651.00,21133.00,21602.00,22041.00,22435.00,22770.00,23315.00,24102.00,24876.00,25652.00,26433.00,27228.00,28055.00,28903.00,29748.00,30561.00,31367.00,32107.00,32746.00,33255.00,33686.00,33907.00,34282.00,34704.00,35183.00,35662.00,35728.00,35941.00,36179.00,36448.00,36619.00,36858.00,37117.00,37409.00,37706.00,38060.00,38266.00,38197.00,38018.00,37768.00,37342.00,36861.00
Mujeres,20,17448.00,17654.00,18142.00,18628.00,19105.00,19568.00,20020.00,20471.00,20909.00,21315.00,21672.00,22232.00,23021.00,23788.00,24539.00,25290.00,26042.00,26811.00,27608.00,28423.00,29233.00,30002.00,30734.00,31400.00,31955.00,32420.00,32770.00,33129.00,33522.00,33977.00,34435.00,34486.00,34705.00,34961.00,35247.00,35459.00,35737.00,36049.00,36422.00,36808.00,37156.00,37405.00,37506.00,37441.00,37295.00,37049.00,36657.00
Mujeres,21,16682.00,17003.00,17196.00,17653.00,18108.00,18557.00,18989.00,19411.00,19831.00,20235.00,20604.00,21181.00,21982.00,22755.00,23503.00,24233.00,24962.00,25693.00,26438.00,27209.00,27996.00,28715.00,29413.00,30064.00,30648.00,31148.00,31525.00,32060.00,32429.00,32850.00,33278.00,33319.00,33517.00,33771.00,34071.00,34301.00,34613.00,34979.00,35400.00,35859.00,36294.00,36513.00,36678.00,36782.00,36756.00,36616.00,36407.00
Mujeres,22,15999.00,16278.00,16584.00,16754.00,17182.00,17610.00,18030.00,18434.00,18826.00,19213.00,19581.00,20165.00,20980.00,21770.00,22528.00,23260.00,23973.00,24685.00,25399.00,26123.00,26872.00,27519.00,28171.00,28786.00,29361.00,29881.00,30291.00,30902.00,31434.00,31824.00,32213.00,32246.00,32420.00,32647.00,32941.00,33189.00,33507.00,33921.00,34390.00,34886.00,35389.00,35676.00,35832.00,36002.00,36148.00,36128.00,36028.00
Mujeres,23,15400.00,15635.00,15900.00,16182.00,16331.00,16734.00,17136.00,17528.00,17903.00,18265.00,18616.00,19197.00,20018.00,20825.00,21603.00,22349.00,23068.00,23768.00,24467.00,25165.00,25873.00,26434.00,27021.00,27590.00,28136.00,28642.00,29074.00,29760.00,30358.00,30901.00,31256.00,31280.00,31432.00,31629.00,31891.00,32137.00,32461.00,32895.00,33403.00,33934.00,34471.00,34810.00,35054.00,35217.00,35432.00,35583.00,35603.00
Mujeres,24,14868.00,15069.00,15292.00,15535.00,15794.00,15928.00,16306.00,16682.00,17048.00,17394.00,17722.00,18285.00,19102.00,19918.00,20716.00,21485.00,22221.00,22930.00,23621.00,24308.00,24993.00,25470.00,25977.00,26484.00,26991.00,27466.00,27889.00,28633.00,29300.00,29900.00,30402.00,30428.00,30554.00,30723.00,30949.00,31169.00,31481.00,31932.00,32450.00,33007.00,33574.00,33936.00,34253.00,34503.00,34713.00,34934.00,35124.00
Mujeres,25,14401.00,14563.00,14754.00,14957.00,15181.00,15423.00,15540.00,15896.00,16248.00,16587.00,16903.00,17441.00,18238.00,19051.00,19861.00,20652.00,21413.00,22142.00,22844.00,23525.00,24202.00,24617.00,25047.00,25480.00,25933.00,26372.00,26771.00,27535.00,28255.00,28917.00,29475.00,29683.00,29795.00,29932.00,30125.00,30314.00,30590.00,31039.00,31563.00,32119.00,32707.00,33094.00,33452.00,33772.00,34068.00,34285.00,34543.00
Mujeres,26,13963.00,14118.00,14270.00,14445.00,14632.00,14842.00,15067.00,15170.00,15504.00,15832.00,16144.00,16668.00,17437.00,18232.00,19040.00,19844.00,20629.00,21384.00,22107.00,22800.00,23473.00,23848.00,24223.00,24585.00,24973.00,25361.00,25731.00,26492.00,27229.00,27939.00,28559.00,28861.00,29136.00,29254.00,29411.00,29571.00,29808.00,30229.00,30743.00,31295.00,31877.00,32284.00,32683.00,33042.00,33408.00,33709.00,33961.00
Mujeres,27,13578.00,13694.00,13842.00,13981.00,14142.00,14318.00,14514.00,14724.00,14814.00,15129.00,15433.00,15949.00,16698.00,17466.00,18257.00,19061.00,19860.00,20640.00,21389.00,22104.00,22790.00,23138.00,23479.00,23794.00,24118.00,24447.00,24776.00,25522.00,26255.00,26979.00,27647.00,28046.00,28400.00,28674.00,28805.00,28933.00,29131.00,29523.00,30001.00,30533.00,31108.00,31512.00,31944.00,32341.00,32744.00,33111.00,33443.00
Mujeres,28,13268.00,13316.00,13428.00,13565.00,13693.00,13847.00,14012.00,14197.00,14395.00,14474.00,14768.00,15272.00,16007.00,16755.00,17520.00,18307.00,19106.00,19901.00,20675.00,21417.00,22125.00,22470.00,22790.00,23078.00,23362.00,23635.00,23913.00,24623.00,25341.00,26058.00,26742.00,27224.00,27662.00,28011.00,28291.00,28396.00,28555.00,28917.00,29356.00,29846.00,30396.00,30798.00,31237.00,31666.00,32104.00,32505.00,32900.00
Mujeres,29,12915.00,13010.00,13058.00,13161.00,13290.00,13413.00,13559.00,13716.00,13892.00,14079.00,14147.00,14634.00,15348.00,16082.00,16828.00,17589.00,18372.00,19168.00,19958.00,20726.00,21461.00,21821.00,22142.00,22415.00,22679.00,22917.00,23146.00,23805.00,24486.00,25188.00,25868.00,26395.00,26906.00,27336.00,27686.00,27941.00,28072.00,28401.00,28803.00,29248.00,29751.00,30136.00,30582.00,31015.00,31480.00,31913.00,32337.00
Mujeres,30,12549.00,12658.00,12753.00,12795.00,12893.00,13020.00,13139.00,13279.00,13430.00,13598.00,13776.00,14033.00,14721.00,15435.00,16167.00,16910.00,17669.00,18449.00,19241.00,20024.00,20786.00,21172.00,21512.00,21792.00,22045.00,22267.00,22468.00,23072.00,23704.00,24370.00,25038.00,25588.00,26137.00,26637.00,27064.00,27390.00,27663.00,27970.00,28332.00,28734.00,29187.00,29534.00,29971.00,30409.00,30875.00,31333.00,31785.00
Mujeres,31,12191.00,12293.00,12404.00,12495.00,12535.00,12634.00,12758.00,12874.00,13012.00,13159.00,13322.00,13680.00,14128.00,14817.00,15529.00,16259.00,17000.00,17756.00,18533.00,19319.00,20097.00,20514.00,20882.00,21185.00,21448.00,21663.00,21854.00,22420.00,23000.00,23616.00,24252.00,24812.00,25377.00,25914.00,26408.00,26813.00,27152.00,27605.00,27937.00,28293.00,28699.00,29008.00,29412.00,29837.00,30303.00,30760.00,31232.00
Mujeres,32,11857.00,11938.00,12043.00,12151.00,12241.00,12285.00,12384.00,12508.00,12625.00,12761.00,12906.00,13240.00,13780.00,14228.00,14914.00,15626.00,16354.00,17093.00,17846.00,18618.00,19400.00,19840.00,20241.00,20575.00,20863.00,21091.00,21278.00,21824.00,22368.00,22933.00,23524.00,24070.00,24640.00,25194.00,25723.00,26196.00,26609.00,27128.00,27599.00,27920.00,28276.00,28550.00,28919.00,29309.00,29760.00,30215.00,30681.00
Mujeres,33,11534.00,11604.00,11690.00,11795.00,11903.00,11998.00,12046.00,12147.00,12273.00,12392.00,12529.00,12836.00,13341.00,13881.00,14326.00,15013.00,15723.00,16451.00,17188.00,17937.00,18706.00,19158.00,19584.00,19953.00,20273.00,20527.00,20730.00,21261.00,21786.00,22319.00,22863.00,23377.00,23930.00,24487.00,25031.00,25540.00,26017.00,26609.00,27141.00,27596.00,27913.00,28153.00,28488.00,28841.00,29253.00,29690.00,30150.00
Mujeres,34,11222.00,11285.00,11361.00,11449.00,11555.00,11670.00,11768.00,11820.00,11926.00,12055.00,12176.00,12467.00,12933.00,13439.00,13978.00,14422.00,15109.00,15819.00,16546.00,17281.00,18028.00,18477.00,18915.00,19310.00,19665.00,19952.00,20182.00,20719.00,21234.00,21750.00,22266.00,22743.00,23261.00,23801.00,24348.00,24873.00,25384.00,26036.00,26635.00,27148.00,27596.00,27813.00,28114.00,28430.00,28801.00,29196.00,29633.00
Mujeres,35,10924.00,10975.00,11046.00,11125.00,11216.00,11330.00,11449.00,11553.00,11612.00,11723.00,11857.00,12122.00,12560.00,13027.00,13532.00,14072.00,14515.00,15203.00,15913.00,16639.00,17372.00,17809.00,18245.00,18654.00,19035.00,19358.00,19623.00,20179.00,20702.00,21209.00,21712.00,22166.00,22645.00,23151.00,23680.00,24210.00,24734.00,25414.00,26069.00,26647.00,27149.00,27516.00,27791.00,28070.00,28400.00,28752.00,29143.00
Mujeres,36,10628.00,10681.00,10741.00,10815.00,10899.00,10998.00,11118.00,11242.00,11353.00,11419.00,11537.00,11804.00,12205.00,12645.00,13113.00,13619.00,14159.00,14603.00,15292.00,16002.00,16728.00,17161.00,17585.00,17993.00,18389.00,18739.00,19039.00,19622.00,20167.00,20685.00,21183.00,21627.00,22082.00,22549.00,23044.00,23558.00,24086.00,24772.00,25451.00,26084.00,26648.00,27088.00,27507.00,27758.00,28045.00,28354.00,28696.00
Mujeres,37,10331.00,10390.00,10451.00,10516.00,10595.00,10688.00,10794.00,10919.00,11051.00,11168.00,11242.00,11483.00,11877.00,12281.00,12722.00,13192.00,13700.00,14243.00,14689.00,15379.00,16091.00,16524.00,16944.00,17342.00,17736.00,18101.00,18428.00,19041.00,19616.00,20157.00,20668.00,21108.00,21552.00,21996.00,22453.00,22934.00,23446.00,24126.00,24809.00,25465.00,26084.00,26604.00,27090.00,27482.00,27737.00,28001.00,28295.00
Mujeres,38,10035.00,10099.00,10167.00,10233.00,10303.00,10391.00,10490.00,10602.00,10734.00,10873.00,10998.00,11187.00,11545.00,11943.00,12349.00,12793.00,13266.00,13778.00,14324.00,14772.00,15465.00,15893.00,16313.00,16708.00,17092.00,17457.00,17800.00,18434.00,19039.00,19611.00,20147.00,20600.00,21039.00,21473.00,21908.00,22353.00,22833.00,23486.00,24162.00,24822.00,25463.00,26055.00,26613.00,27068.00,27461.00,27689.00,27934.00
Mujeres,39,9720.00,9810.00,9883.00,9955.00,10027.00,10106.00,10201.00,10306.00,10425.00,10564.00,10709.00,10941.00,11239.00,11602.00,12002.00,12413.00,12860.00,13339.00,13856.00,14406.00,14857.00,15272.00,15686.00,16083.00,16464.00,16819.00,17163.00,17806.00,18434.00,19037.00,19605.00,20083.00,20536.00,20967.00,21393.00,21819.00,22263.00,22873.00,23521.00,24174.00,24819.00,25448.00,26067.00,26592.00,27044.00,27406.00,27613.00
Mujeres,40,9374.00,9504.00,9602.00,9679.00,9756.00,9836.00,9921.00,10021.00,10133.00,10259.00,10403.00,10648.00,10982.00,11286.00,11653.00,12059.00,12474.00,12928.00,13413.00,13935.00,14492.00,14668.00,15070.00,15462.00,15845.00,16199.00,16534.00,17171.00,17808.00,18433.00,19033.00,19543.00,20021.00,20467.00,20892.00,21311.00,21736.00,22299.00,22904.00,23530.00,24169.00,24815.00,25462.00,26047.00,26567.00,26987.00,27324.00
Mujeres,41,8994.00,9171.00,9306.00,9408.00,9488.00,9573.00,9658.00,9749.00,9855.00,9972.00,10103.00,10340.00,10682.00,11022.00,11331.00,11705.00,12117.00,12540.00,13002.00,13493.00,14024.00,14305.00,14472.00,14852.00,15230.00,15587.00,15921.00,16542.00,17173.00,17808.00,18431.00,18974.00,19484.00,19957.00,20397.00,20816.00,21235.00,21768.00,22326.00,22910.00,23523.00,24175.00,24828.00,25440.00,26017.00,26503.00,26896.00
Mujeres,42,8693.00,8803.00,8984.00,9122.00,9225.00,9313.00,9402.00,9491.00,9587.00,9698.00,9819.00,10037.00,10367.00,10716.00,11063.00,11379.00,11760.00,12181.00,12613.00,13083.00,13583.00,13839.00,14110.00,14259.00,14627.00,14980.00,15317.00,15929.00,16545.00,17173.00,17806.00,18374.00,18917.00,19422.00,19889.00,20325.00,20744.00,21261.00,21790.00,22330.00,22903.00,23537.00,24185.00,24804.00,25407.00,25951.00,26408.00
Mujeres,43,8325.00,8513.00,8628.00,8809.00,8947.00,9057.00,9148.00,9240.00,9334.00,9434.00,9547.00,9753.00,10060.00,10398.00,10753.00,11108.00,11432.00,11821.00,12252.00,12692.00,13172.00,13398.00,13644.00,13898.00,14039.00,14384.00,14719.00,15326.00,15933.00,16546.00,17172.00,17752.00,18319.00,18858.00,19358.00,19821.00,20256.00,20764.00,21279.00,21792.00,22323.00,22924.00,23544.00,24158.00,24767.00,25337.00,25851.00
Mujeres,44,8046.00,8158.00,8347.00,8463.00,8643.00,8787.00,8898.00,8991.00,9087.00,9183.00,9285.00,9479.00,9771.00,10086.00,10431.00,10794.00,11157.00,11490.00,11889.00,12328.00,12779.00,12985.00,13203.00,13435.00,13680.00,13804.00,14133.00,14728.00,15330.00,15933.00,16543.00,17120.00,17699.00,18262.00,18795.00,19291.00,19753.00,20271.00,20778.00,21279.00,21786.00,22348.00,22925.00,23513.00,24116.00,24693.00,25233.00
Mujeres,45,7779.00,7889.00,8004.00,8192.00,8307.00,8491.00,8634.00,8747.00,8842.00,8939.00,9036.00,9216.00,9496.00,9796.00,10117.00,10470.00,10841.00,11214.00,11556.00,11964.00,12413.00,12591.00,12792.00,12998.00,13222.00,13451.00,13565.00,14142.00,14732.00,15330.00,15932.00,16495.00,17070.00,17644.00,18200.00,18730.00,19224.00,19765.00,20283.00,20780.00,21277.00,21815.00,22345.00,22890.00,23468.00,24041.00,24588.00
Mujeres,46,7510.00,7631.00,7743.00,7856.00,8042.00,8161.00,8343.00,8485.00,8599.00,8695.00,8792.00,8966.00,9229.00,9517.00,9823.00,10152.00,10513.00,10894.00,11275.00,11626.00,12044.00,12224.00,12398.00,12588.00,12790.00,13001.00,13221.00,13572.00,14145.00,14731.00,15327.00,15883.00,16444.00,17013.00,17580.00,18133.00,18658.00,19230.00,19773.00,20284.00,20779.00,21305.00,21803.00,22302.00,22839.00,23387.00,23931.00
Mujeres,47,7245.00,7370.00,7491.00,7602.00,7713.00,7901.00,8018.00,8198.00,8340.00,8452.00,8547.00,8720.00,8977.00,9248.00,9542.00,9856.00,10193.00,10563.00,10953.00,11343.00,11703.00,11855.00,12033.00,12199.00,12386.00,12576.00,12781.00,13225.00,13573.00,14142.00,14727.00,15279.00,15832.00,16387.00,16949.00,17511.00,18058.00,18662.00,19236.00,19774.00,20284.00,20805.00,21285.00,21754.00,22246.00,22755.00,23275.00
Mujeres,48,6982.00,7113.00,7237.00,7356.00,7464.00,7578.00,7762.00,7877.00,8055.00,8195.00,8305.00,8475.00,8730.00,8995.00,9272.00,9573.00,9893.00,10239.00,10617.00,11016.00,11415.00,11514.00,11666.00,11838.00,12003.00,12182.00,12368.00,12783.00,13224.00,13569.00,14137.00,14679.00,15228.00,15774.00,16322.00,16879.00,17436.00,18062.00,18668.00,19237.00,19773.00,20306.00,20774.00,21227.00,21689.00,22155.00,22637.00
Mujeres,49,6724.00,6856.00,6985.00,7107.00,7223.00,7333.00,7444.00,7624.00,7738.00,7912.00,8048.00,8233.00,8486.00,8748.00,9018.00,9302.00,9608.00,9937.00,10291.00,10676.00,11083.00,11227.00,11328.00,11476.00,11648.00,11806.00,11983.00,12366.00,12778.00,13217.00,13561.00,14087.00,14626.00,15169.00,15708.00,16251.00,16802.00,17438.00,18066.00,18667.00,19235.00,19789.00,20265.00,20709.00,21156.00,21595.00,22036.00
Mujeres,50,6475.00,6602.00,6732.00,6858.00,6977.00,7094.00,7201.00,7309.00,7486.00,7597.00,7766.00,7976.00,8243.00,8503.00,8770.00,9045.00,9334.00,9648.00,9984.00,10344.00,10737.00,10897.00,11043.00,11143.00,11292.00,11459.00,11617.00,11977.00,12358.00,12769.00,13208.00,13511.00,14034.00,14567.00,15102.00,15638.00,16175.00,16804.00,17440.00,18062.00,18660.00,19243.00,19738.00,20190.00,20629.00,21056.00,21471.00
Mujeres,51,6243.00,6357.00,6482.00,6609.00,6731.00,6850.00,6964.00,7068.00,7174.00,7346.00,7453.00,7695.00,7987.00,8260.00,8523.00,8796.00,9076.00,9372.00,9692.00,10034.00,10400.00,10556.00,10718.00,10862.00,10965.00,11110.00,11277.00,11606.00,11965.00,12345.00,12758.00,13156.00,13456.00,13974.00,14500.00,15032.00,15563.00,16175.00,16803.00,17432.00,18049.00,18663.00,19184.00,19656.00,20105.00,20524.00,20927.00
Mujeres,52,6033.00,6127.00,6239.00,6360.00,6483.00,6606.00,6722.00,6833.00,6934.00,7037.00,7204.00,7384.00,7707.00,8004.00,8280.00,8548.00,8824.00,9110.00,9411.00,9736.00,10082.00,10221.00,10379.00,10540.00,10687.00,10788.00,10935.00,11260.00,11589.00,11949.00,12333.00,12704.00,13099.00,13397.00,13908.00,14432.00,14960.00,15560.00,16170.00,16789.00,17412.00,18045.00,18594.00,19093.00,19562.00,19992.00,20389.00
Mujeres,53,5847.00,5918.00,6011.00,6119.00,6236.00,6360.00,6480.00,6592.00,6700.00,6799.00,6898.00,7136.00,7395.00,7723.00,8022.00,8302.00,8572.00,8853.00,9144.00,9448.00,9776.00,9906.00,10048.00,10206.00,10370.00,10515.00,10619.00,10914.00,11240.00,11572.00,11936.00,12277.00,12647.00,13039.00,13333.00,13843.00,14363.00,14955.00,15550.00,16149.00,16761.00,17402.00,17969.00,18496.00,18993.00,19445.00,19853.00
Mujeres,54,5689.00,5734.00,5803.00,5892.00,5996.00,6115.00,6235.00,6351.00,6461.00,6565.00,6659.00,6829.00,7145.00,7408.00,7737.00,8040.00,8321.00,8595.00,8879.00,9172.00,9478.00,9601.00,9735.00,9878.00,10039.00,10202.00,10350.00,10593.00,10892.00,11223.00,11561.00,11881.00,12221.00,12588.00,12976.00,13270.00,13778.00,14352.00,14937.00,15522.00,16112.00,16745.00,17318.00,17864.00,18388.00,18867.00,19296.00
Mujeres,55,5554.00,5574.00,5617.00,5683.00,5768.00,5875.00,5990.00,6106.00,6219.00,6326.00,6427.00,6590.00,6836.00,7155.00,7418.00,7749.00,8051.00,8336.00,8612.00,8897.00,9191.00,9303.00,9431.00,9567.00,9714.00,9875.00,10041.00,10321.00,10568.00,10872.00,11212.00,11502.00,11822.00,12161.00,12525.00,12914.00,13207.00,13760.00,14327.00,14901.00,15475.00,16091.00,16655.00,17207.00,17749.00,18254.00,18710.00
Mujeres,56,5436.00,5435.00,5453.00,5494.00,5557.00,5646.00,5749.00,5860.00,5975.00,6085.00,6188.00,6356.00,6593.00,6841.00,7159.00,7423.00,7753.00,8058.00,8344.00,8619.00,8904.00,9017.00,9136.00,9265.00,9405.00,9552.00,9717.00,10007.00,10293.00,10547.00,10861.00,11150.00,11442.00,11761.00,12098.00,12465.00,12854.00,13184.00,13729.00,14285.00,14847.00,15451.00,15996.00,16538.00,17084.00,17605.00,18086.00
Mujeres,57,5326.00,5314.00,5311.00,5328.00,5366.00,5432.00,5517.00,5617.00,5726.00,5837.00,5943.00,6111.00,6350.00,6590.00,6836.00,7155.00,7418.00,7750.00,8055.00,8340.00,8615.00,8732.00,8850.00,8971.00,9105.00,9245.00,9395.00,9679.00,9976.00,10270.00,10536.00,10796.00,11087.00,11381.00,11700.00,12041.00,12409.00,12824.00,13145.00,13678.00,14221.00,14818.00,15349.00,15873.00,16408.00,16933.00,17430.00
Mujeres,58,5214.00,5198.00,5184.00,5181.00,5196.00,5238.00,5302.00,5384.00,5481.00,5587.00,5694.00,5863.00,6100.00,6341.00,6578.00,6824.00,7141.00,7405.00,7737.00,8040.00,8324.00,8444.00,8566.00,8687.00,8812.00,8947.00,9090.00,9355.00,9645.00,9951.00,10256.00,10466.00,10730.00,11023.00,11317.00,11642.00,11986.00,12368.00,12775.00,13086.00,13607.00,14188.00,14710.00,15220.00,15735.00,16249.00,16748.00
Mujeres,59,5092.00,5079.00,5062.00,5047.00,5043.00,5062.00,5103.00,5164.00,5244.00,5339.00,5441.00,5608.00,5844.00,6082.00,6320.00,6557.00,6801.00,7119.00,7382.00,7711.00,8014.00,8154.00,8279.00,8403.00,8527.00,8652.00,8789.00,9043.00,9317.00,9617.00,9935.00,10182.00,10396.00,10663.00,10958.00,11259.00,11586.00,11934.00,12309.00,12706.00,13007.00,13568.00,14075.00,14575.00,15076.00,15570.00,16058.00
Mujeres,60,4953.00,4950.00,4936.00,4918.00,4903.00,4904.00,4922.00,4960.00,5020.00,5098.00,5189.00,5349.00,5580.00,5816.00,6052.00,6290.00,6524.00,6770.00,7086.00,7348.00,7675.00,7846.00,7990.00,8116.00,8243.00,8366.00,8493.00,8739.00,9002.00,9285.00,9598.00,9855.00,10107.00,10325.00,10595.00,10897.00,11202.00,11524.00,11866.00,12234.00,12622.00,12966.00,13451.00,13935.00,14426.00,14906.00,15373.00
Mujeres,61,4796.00,4805.00,4799.00,4785.00,4766.00,4757.00,4757.00,4774.00,4812.00,4870.00,4945.00,5091.00,5313.00,5545.00,5778.00,6014.00,6250.00,6486.00,6731.00,7045.00,7306.00,7511.00,7684.00,7827.00,7954.00,8079.00,8202.00,8437.00,8693.00,8966.00,9262.00,9512.00,9774.00,10030.00,10251.00,10529.00,10835.00,11127.00,11446.00,11783.00,12145.00,12574.00,12842.00,13306.00,13782.00,14252.00,14706.00
Mujeres,62,4623.00,4640.00,4646.00,4640.00,4625.00,4613.00,4603.00,4603.00,4620.00,4657.00,4712.00,4841.00,5047.00,5270.00,5499.00,5732.00,5965.00,6203.00,6439.00,6682.00,6995.00,7143.00,7349.00,7520.00,7663.00,7787.00,7910.00,8143.00,8387.00,8653.00,8939.00,9170.00,9425.00,9691.00,9949.00,10179.00,10460.00,10749.00,11040.00,11358.00,11692.00,12091.00,12443.00,12693.00,13148.00,13602.00,14047.00
Mujeres,63,4442.00,4462.00,4476.00,4481.00,4474.00,4466.00,4453.00,4443.00,4443.00,4460.00,4495.00,4603.00,4789.00,4997.00,5217.00,5446.00,5677.00,5913.00,6150.00,6384.00,6627.00,6834.00,6983.00,7185.00,7353.00,7493.00,7615.00,7848.00,8090.00,8344.00,8623.00,8842.00,9077.00,9335.00,9603.00,9869.00,10102.00,10365.00,10656.00,10949.00,11267.00,11632.00,11954.00,12287.00,12529.00,12962.00,13391.00
Mujeres,64,4257.00,4277.00,4293.00,4305.00,4309.00,4309.00,4301.00,4288.00,4280.00,4281.00,4296.00,4383.00,4547.00,4735.00,4939.00,5160.00,5386.00,5620.00,5854.00,6090.00,6325.00,6468.00,6673.00,6820.00,7018.00,7181.00,7318.00,7551.00,7793.00,8043.00,8309.00,8518.00,8741.00,8980.00,9239.00,9514.00,9782.00,10000.00,10268.00,10565.00,10862.00,11201.00,11488.00,11790.00,12114.00,12337.00,12745.00
Mujeres,65,4067.00,4087.00,4103.00,4118.00,4130.00,4141.00,4140.00,4132.00,4121.00,4114.00,4115.00,4181.00,4322.00,4488.00,4673.00,4878.00,5095.00,5324.00,5556.00,5789.00,6025.00,6164.00,6307.00,6509.00,6652.00,6845.00,7004.00,7251.00,7492.00,7741.00,8002.00,8198.00,8411.00,8636.00,8875.00,9142.00,9418.00,9675.00,9900.00,10176.00,10480.00,10785.00,11046.00,11315.00,11608.00,11911.00,12113.00
Mujeres,66,3873.00,3895.00,3911.00,3926.00,3940.00,3959.00,3970.00,3970.00,3963.00,3955.00,3947.00,3998.00,4118.00,4261.00,4424.00,4609.00,4810.00,5029.00,5257.00,5487.00,5719.00,5864.00,6003.00,6144.00,6340.00,6479.00,6666.00,6935.00,7188.00,7435.00,7694.00,7884.00,8083.00,8297.00,8523.00,8769.00,9035.00,9307.00,9573.00,9810.00,10096.00,10393.00,10620.00,10863.00,11122.00,11396.00,11676.00
Mujeres,67,3666.00,3697.00,3715.00,3731.00,3745.00,3767.00,3785.00,3795.00,3797.00,3793.00,3785.00,3827.00,3930.00,4052.00,4192.00,4355.00,4536.00,4739.00,4957.00,5182.00,5412.00,5558.00,5703.00,5839.00,5976.00,6166.00,6300.00,6594.00,6867.00,7124.00,7378.00,7568.00,7761.00,7962.00,8176.00,8408.00,8654.00,8925.00,9207.00,9486.00,9734.00,9996.00,10215.00,10425.00,10659.00,10900.00,11150.00
Mujeres,68,3443.00,3490.00,3517.00,3535.00,3550.00,3573.00,3594.00,3612.00,3625.00,3629.00,3626.00,3665.00,3757.00,3862.00,3981.00,4121.00,4280.00,4463.00,4664.00,4879.00,5102.00,5250.00,5397.00,5539.00,5671.00,5804.00,5988.00,6225.00,6522.00,6797.00,7060.00,7247.00,7438.00,7632.00,7832.00,8051.00,8281.00,8541.00,8823.00,9119.00,9409.00,9617.00,9803.00,10006.00,10209.00,10426.00,10646.00
Mujeres,69,3201.00,3269.00,3311.00,3337.00,3355.00,3379.00,3401.00,3422.00,3443.00,3458.00,3463.00,3505.00,3593.00,3687.00,3788.00,3906.00,4042.00,4203.00,4383.00,4581.00,4794.00,4941.00,5089.00,5233.00,5371.00,5499.00,5627.00,5908.00,6147.00,6443.00,6722.00,6921.00,7109.00,7301.00,7494.00,7698.00,7915.00,8170.00,8440.00,8735.00,9042.00,9276.00,9410.00,9583.00,9779.00,9967.00,10165.00
Mujeres,70,2944.00,3030.00,3092.00,3132.00,3158.00,3185.00,3209.00,3231.00,3255.00,3278.00,3294.00,3342.00,3430.00,3519.00,3610.00,3710.00,3825.00,3962.00,4120.00,4297.00,4492.00,4634.00,4781.00,4926.00,5065.00,5198.00,5322.00,5541.00,5822.00,6061.00,6360.00,6579.00,6779.00,6966.00,7155.00,7352.00,7552.00,7803.00,8067.00,8350.00,8655.00,8890.00,9053.00,9177.00,9345.00,9528.00,9700.00
Mujeres,71,2678.00,2778.00,2857.00,2916.00,2956.00,2991.00,3017.00,3042.00,3067.00,3094.00,3117.00,3173.00,3264.00,3353.00,3439.00,3528.00,3625.00,3741.00,3876.00,4030.00,4205.00,4335.00,4476.00,4620.00,4760.00,4894.00,5022.00,5231.00,5450.00,5728.00,5969.00,6211.00,6430.00,6627.00,6811.00,7004.00,7196.00,7439.00,7698.00,7974.00,8265.00,8486.00,8654.00,8807.00,8929.00,9087.00,9255.00
Mujeres,72,2414.00,2519.00,2611.00,2687.00,2744.00,2793.00,2827.00,2855.00,2882.00,2911.00,2938.00,2999.00,3094.00,3186.00,3270.00,3355.00,3440.00,3539.00,3652.00,3783.00,3934.00,4049.00,4179.00,4317.00,4455.00,4590.00,4718.00,4924.00,5133.00,5350.00,5629.00,5819.00,6059.00,6274.00,6467.00,6654.00,6841.00,7082.00,7332.00,7600.00,7881.00,8079.00,8238.00,8398.00,8549.00,8663.00,8807.00
Mujeres,73,2163.00,2264.00,2360.00,2449.00,2522.00,2587.00,2635.00,2670.00,2701.00,2732.00,2762.00,2822.00,2918.00,3014.00,3100.00,3183.00,3263.00,3350.00,3445.00,3555.00,3683.00,3780.00,3895.00,4021.00,4153.00,4287.00,4416.00,4615.00,4820.00,5026.00,5243.00,5476.00,5664.00,5900.00,6108.00,6303.00,6484.00,6725.00,6971.00,7227.00,7499.00,7681.00,7821.00,7974.00,8132.00,8275.00,8379.00
Mujeres,74,1931.00,2023.00,2116.00,2208.00,2293.00,2372.00,2436.00,2483.00,2522.00,2556.00,2588.00,2647.00,2740.00,2835.00,2925.00,3009.00,3087.00,3167.00,3250.00,3342.00,3448.00,3527.00,3625.00,3737.00,3859.00,3987.00,4114.00,4307.00,4505.00,4706.00,4912.00,5089.00,5318.00,5503.00,5730.00,5940.00,6127.00,6365.00,6607.00,6857.00,7114.00,7282.00,7412.00,7549.00,7701.00,7853.00,7987.00
Mujeres,75,1721.00,1800.00,1884.00,1973.00,2061.00,2151.00,2228.00,2290.00,2340.00,2382.00,2417.00,2475.00,2562.00,2654.00,2743.00,2830.00,2908.00,2986.00,3063.00,3142.00,3230.00,3294.00,3374.00,3470.00,3577.00,3694.00,3815.00,4000.00,4191.00,4386.00,4588.00,4758.00,4932.00,5155.00,5332.00,5559.00,5759.00,6004.00,6240.00,6484.00,6731.00,6884.00,7007.00,7134.00,7271.00,7417.00,7559.00
Mujeres,76,1535.00,1599.00,1671.00,1751.00,1836.00,1928.00,2014.00,2089.00,2153.00,2205.00,2247.00,2304.00,2386.00,2473.00,2558.00,2644.00,2724.00,2802.00,2877.00,2949.00,3025.00,3076.00,3141.00,3220.00,3311.00,3414.00,3525.00,3697.00,3879.00,4067.00,4261.00,4430.00,4596.00,4765.00,4978.00,5156.00,5372.00,5629.00,5869.00,6104.00,6343.00,6488.00,6602.00,6724.00,6853.00,6985.00,7123.00
Mujeres,77,1367.00,1420.00,1479.00,1546.00,1623.00,1711.00,1800.00,1883.00,1958.00,2023.00,2075.00,2135.00,2213.00,2294.00,2373.00,2454.00,2533.00,2613.00,2687.00,2757.00,2826.00,2870.00,2923.00,2987.00,3061.00,3148.00,3244.00,3401.00,3571.00,3750.00,3938.00,4103.00,4268.00,4428.00,4589.00,4801.00,4968.00,5237.00,5485.00,5722.00,5948.00,6089.00,6203.00,6316.00,6439.00,6565.00,6691.00
Mujeres,78,1216.00,1260.00,1307.00,1363.00,1427.00,1507.00,1591.00,1676.00,1758.00,1833.00,1896.00,1963.00,2039.00,2116.00,2190.00,2266.00,2340.00,2418.00,2494.00,2563.00,2629.00,2670.00,2716.00,2768.00,2827.00,2898.00,2978.00,3116.00,3270.00,3437.00,3616.00,3776.00,3937.00,4096.00,4248.00,4408.00,4608.00,4824.00,5082.00,5324.00,5550.00,5686.00,5801.00,5914.00,6029.00,6149.00,6268.00
Mujeres,79,1079.00,1116.00,1154.00,1200.00,1252.00,1320.00,1396.00,1476.00,1559.00,1640.00,1712.00,1786.00,1865.00,1941.00,2011.00,2081.00,2150.00,2224.00,2298.00,2368.00,2434.00,2475.00,2517.00,2561.00,2608.00,2663.00,2727.00,2846.00,2983.00,3134.00,3301.00,3455.00,3611.00,3764.00,3914.00,4065.00,4215.00,4456.00,4661.00,4909.00,5138.00,5281.00,5397.00,5512.00,5627.00,5740.00,5853.00
Mujeres,80,952.00,984.00,1016.00,1053.00,1095.00,1152.00,1216.00,1287.00,1365.00,1445.00,1523.00,1602.00,1685.00,1764.00,1832.00,1899.00,1963.00,2031.00,2101.00,2170.00,2237.00,2280.00,2321.00,2361.00,2400.00,2443.00,2491.00,2592.00,2710.00,2844.00,2995.00,3139.00,3288.00,3436.00,3580.00,3728.00,3868.00,4055.00,4283.00,4479.00,4713.00,4868.00,4995.00,5110.00,5225.00,5336.00,5442.00
Mujeres,81,833.00,863.00,891.00,921.00,956.00,1002.00,1055.00,1115.00,1184.00,1259.00,1336.00,1417.00,1503.00,1585.00,1656.00,1721.00,1781.00,1844.00,1909.00,1974.00,2039.00,2084.00,2126.00,2165.00,2199.00,2233.00,2269.00,2354.00,2455.00,2571.00,2705.00,2835.00,2973.00,3114.00,3252.00,3395.00,3531.00,3703.00,3877.00,4093.00,4274.00,4442.00,4584.00,4708.00,4823.00,4934.00,5037.00
Mujeres,82,722.00,751.00,777.00,803.00,831.00,869.00,912.00,961.00,1019.00,1085.00,1156.00,1234.00,1320.00,1404.00,1478.00,1545.00,1604.00,1664.00,1725.00,1785.00,1847.00,1890.00,1933.00,1972.00,2004.00,2033.00,2060.00,2132.00,2217.00,2315.00,2432.00,2546.00,2670.00,2801.00,2931.00,3067.00,3197.00,3360.00,3519.00,3684.00,3883.00,4010.00,4167.00,4303.00,4425.00,4533.00,4634.00
Mujeres,83,618.00,646.00,670.00,695.00,719.00,751.00,786.00,826.00,873.00,929.00,991.00,1061.00,1143.00,1225.00,1302.00,1372.00,1432.00,1491.00,1548.00,1603.00,1661.00,1700.00,1741.00,1780.00,1811.00,1838.00,1860.00,1924.00,1997.00,2080.00,2179.00,2277.00,2386.00,2503.00,2623.00,2750.00,2874.00,3025.00,3174.00,3323.00,3472.00,3623.00,3743.00,3891.00,4023.00,4136.00,4233.00
Mujeres,84,521.00,548.00,572.00,595.00,617.00,644.00,673.00,706.00,745.00,790.00,842.00,903.00,976.00,1053.00,1128.00,1200.00,1262.00,1322.00,1377.00,1430.00,1483.00,1517.00,1555.00,1592.00,1623.00,1649.00,1668.00,1727.00,1791.00,1862.00,1945.00,2028.00,2121.00,2222.00,2328.00,2445.00,2561.00,2700.00,2837.00,2976.00,3111.00,3220.00,3363.00,3476.00,3616.00,3737.00,3837.00
Mujeres,85,435.00,461.00,483.00,505.00,525.00,550.00,575.00,601.00,632.00,669.00,710.00,761.00,824.00,893.00,963.00,1032.00,1096.00,1157.00,1213.00,1264.00,1314.00,1344.00,1376.00,1409.00,1438.00,1464.00,1483.00,1538.00,1596.00,1658.00,1729.00,1798.00,1876.00,1962.00,2054.00,2157.00,2262.00,2389.00,2515.00,2643.00,2768.00,2868.00,2972.00,3104.00,3210.00,3337.00,3442.00
Mujeres,86,357.00,380.00,401.00,421.00,441.00,463.00,486.00,508.00,534.00,564.00,597.00,638.00,690.00,749.00,811.00,875.00,937.00,998.00,1055.00,1106.00,1154.00,1180.00,1208.00,1236.00,1262.00,1286.00,1304.00,1357.00,1411.00,1467.00,1529.00,1587.00,1651.00,1723.00,1799.00,1888.00,1980.00,2093.00,2208.00,2325.00,2439.00,2533.00,2628.00,2724.00,2845.00,2938.00,3048.00
Mujeres,87,289.00,309.00,328.00,347.00,365.00,386.00,406.00,426.00,447.00,472.00,499.00,531.00,573.00,621.00,674.00,730.00,787.00,845.00,902.00,953.00,1000.00,1025.00,1050.00,1074.00,1096.00,1116.00,1133.00,1183.00,1234.00,1285.00,1340.00,1391.00,1446.00,1504.00,1568.00,1642.00,1720.00,1818.00,1919.00,2024.00,2126.00,2213.00,2303.00,2389.00,2475.00,2582.00,2660.00
Mujeres,88,230.00,248.00,264.00,281.00,297.00,316.00,334.00,352.00,371.00,391.00,413.00,439.00,473.00,512.00,554.00,602.00,651.00,704.00,758.00,808.00,855.00,880.00,903.00,924.00,942.00,959.00,973.00,1019.00,1066.00,1113.00,1163.00,1209.00,1257.00,1306.00,1357.00,1418.00,1482.00,1564.00,1651.00,1743.00,1835.00,1913.00,1995.00,2075.00,2151.00,2225.00,2314.00
Mujeres,89,181.00,195.00,209.00,224.00,238.00,255.00,271.00,287.00,304.00,321.00,339.00,360.00,387.00,418.00,452.00,490.00,531.00,577.00,625.00,672.00,718.00,743.00,766.00,785.00,801.00,814.00,825.00,865.00,909.00,952.00,998.00,1040.00,1082.00,1124.00,1166.00,1215.00,1266.00,1334.00,1406.00,1485.00,1566.00,1635.00,1708.00,1780.00,1849.00,1913.00,1972.00
Mujeres,90,139.00,152.00,163.00,175.00,187.00,202.00,216.00,230.00,245.00,260.00,275.00,293.00,314.00,339.00,365.00,395.00,428.00,466.00,507.00,549.00,592.00,617.00,640.00,659.00,672.00,684.00,693.00,726.00,764.00,803.00,843.00,882.00,921.00,958.00,994.00,1034.00,1075.00,1129.00,1187.00,1252.00,1319.00,1379.00,1443.00,1507.00,1569.00,1626.00,1677.00
Mujeres,91,105.00,115.00,124.00,134.00,144.00,156.00,168.00,180.00,193.00,207.00,220.00,234.00,252.00,272.00,293.00,316.00,341.00,371.00,405.00,440.00,478.00,501.00,524.00,543.00,556.00,567.00,574.00,602.00,633.00,667.00,702.00,737.00,773.00,806.00,837.00,871.00,904.00,947.00,993.00,1045.00,1100.00,1149.00,1203.00,1258.00,1311.00,1361.00,1406.00
Mujeres,92,77.00,85.00,92.00,100.00,109.00,118.00,128.00,139.00,149.00,161.00,172.00,185.00,199.00,215.00,232.00,250.00,269.00,292.00,318.00,347.00,379.00,399.00,419.00,438.00,452.00,463.00,469.00,492.00,518.00,545.00,576.00,607.00,638.00,668.00,695.00,724.00,751.00,786.00,823.00,864.00,907.00,946.00,990.00,1035.00,1081.00,1123.00,1161.00
Mujeres,93,56.00,62.00,68.00,74.00,81.00,89.00,97.00,105.00,114.00,123.00,133.00,143.00,156.00,169.00,182.00,196.00,211.00,228.00,248.00,270.00,295.00,312.00,329.00,346.00,359.00,370.00,377.00,396.00,417.00,440.00,464.00,491.00,519.00,544.00,569.00,594.00,616.00,645.00,674.00,706.00,739.00,769.00,803.00,839.00,876.00,912.00,943.00
Mujeres,94,39.00,44.00,49.00,54.00,59.00,65.00,71.00,77.00,84.00,92.00,100.00,108.00,118.00,129.00,140.00,151.00,162.00,176.00,191.00,207.00,226.00,239.00,253.00,267.00,279.00,290.00,297.00,314.00,331.00,349.00,368.00,390.00,414.00,436.00,456.00,478.00,497.00,521.00,545.00,569.00,595.00,616.00,641.00,669.00,698.00,727.00,753.00
Mujeres,95,27.00,30.00,34.00,37.00,41.00,46.00,51.00,56.00,61.00,67.00,74.00,80.00,88.00,97.00,106.00,115.00,123.00,133.00,144.00,156.00,170.00,179.00,189.00,201.00,211.00,221.00,228.00,242.00,256.00,271.00,286.00,304.00,323.00,341.00,359.00,377.00,393.00,414.00,433.00,452.00,472.00,487.00,505.00,525.00,547.00,568.00,588.00
Mujeres,96,18.00,20.00,23.00,26.00,29.00,32.00,36.00,39.00,43.00,48.00,53.00,58.00,64.00,71.00,78.00,85.00,91.00,99.00,107.00,115.00,125.00,131.00,139.00,147.00,155.00,163.00,170.00,182.00,194.00,206.00,219.00,233.00,247.00,262.00,276.00,290.00,303.00,321.00,336.00,352.00,367.00,378.00,391.00,405.00,421.00,436.00,452.00
Mujeres,97,12.00,14.00,15.00,17.00,19.00,22.00,24.00,27.00,30.00,33.00,37.00,41.00,46.00,51.00,56.00,61.00,66.00,72.00,78.00,84.00,91.00,95.00,100.00,106.00,112.00,118.00,124.00,133.00,143.00,152.00,162.00,173.00,185.00,196.00,207.00,219.00,229.00,243.00,256.00,269.00,280.00,288.00,297.00,307.00,317.00,328.00,339.00
Mujeres,98,8.00,9.00,10.00,11.00,13.00,14.00,16.00,18.00,20.00,23.00,25.00,28.00,31.00,35.00,39.00,43.00,47.00,51.00,55.00,59.00,64.00,67.00,70.00,74.00,78.00,83.00,87.00,94.00,101.00,109.00,117.00,125.00,134.00,142.00,150.00,159.00,167.00,178.00,188.00,199.00,208.00,214.00,221.00,228.00,235.00,242.00,249.00
Mujeres,99,5.00,5.00,6.00,7.00,8.00,9.00,10.00,12.00,13.00,15.00,16.00,18.00,21.00,23.00,26.00,29.00,32.00,35.00,38.00,41.00,44.00,46.00,48.00,51.00,53.00,56.00,59.00,64.00,69.00,75.00,81.00,88.00,95.00,101.00,107.00,113.00,119.00,127.00,135.00,143.00,150.00,155.00,160.00,165.00,169.00,174.00,178.00
Mujeres,100,3.00,3.00,4.00,4.00,5.00,6.00,6.00,7.00,8.00,9.00,10.00,12.00,13.00,15.00,17.00,19.00,21.00,23.00,25.00,27.00,29.00,30.00,32.00,33.00,35.00,37.00,39.00,42.00,46.00,50.00,54.00,59.00,64.00,69.00,73.00,78.00,82.00,88.00,94.00,99.00,105.00,108.00,112.00,116.00,119.00,122.00,125.00
Mujeres,101,1.00,2.00,2.00,2.00,3.00,3.00,4.00,4.00,5.00,5.00,6.00,7.00,8.00,9.00,10.00,12.00,13.00,14.00,16.00,17.00,19.00,19.00,20.00,21.00,22.00,24.00,25.00,27.00,29.00,32.00,34.00,38.00,42.00,45.00,48.00,51.00,54.00,58.00,62.00,67.00,71.00,73.00,76.00,79.00,81.00,83.00,85.00
Mujeres,102,1.00,1.00,1.00,1.00,1.00,2.00,2.00,2.00,3.00,3.00,4.00,4.00,5.00,5.00,6.00,7.00,8.00,9.00,10.00,10.00,11.00,12.00,13.00,13.00,14.00,14.00,15.00,16.00,18.00,19.00,21.00,23.00,26.00,28.00,30.00,33.00,35.00,37.00,40.00,43.00,45.00,47.00,49.00,51.00,53.00,55.00,56.00
Mujeres,103,0.00,0.00,0.00,1.00,1.00,1.00,1.00,1.00,1.00,2.00,2.00,2.00,3.00,3.00,3.00,4.00,4.00,5.00,5.00,6.00,7.00,7.00,7.00,8.00,8.00,9.00,9.00,10.00,10.00,11.00,12.00,14.00,15.00,17.00,18.00,20.00,21.00,23.00,25.00,26.00,28.00,29.00,31.00,32.00,34.00,35.00,36.00
Mujeres,104,0.00,0.00,0.00,0.00,0.00,0.00,1.00,1.00,1.00,1.00,1.00,1.00,1.00,2.00,2.00,2.00,2.00,3.00,3.00,3.00,4.00,4.00,4.00,4.00,5.00,5.00,5.00,5.00,6.00,6.00,7.00,8.00,8.00,9.00,10.00,11.00,12.00,13.00,14.00,16.00,17.00,17.00,18.00,19.00,20.00,21.00,22.00
Mujeres,105,0.00,0.00,0.00,0.00,0.00,0.00,0.00,0.00,1.00,1.00,1.00,1.00,1.00,1.00,1.00,1.00,1.00,1.00,2.00,2.00,2.00,2.00,2.00,2.00,2.00,3.00,3.00,3.00,3.00,3.00,3.00,4.00,4.00,5.00,6.00,6.00,7.00,7.00,8.00,9.00,9.00,10.00,10.00,11.00,12.00,12.00,13.00
Mujeres,106,0.00,0.00,0.00,0.00,0.00,0.00,0.00,0.00,0.00,0.00,0.00,0.00,0.00,0.00,0.00,1.00,1.00,1.00,1.00,1.00,1.00,1.00,1.00,1.00,1.00,1.00,1.00,1.00,2.00,2.00,2.00,2.00,2.00,3.00,3.00,3.00,4.00,4.00,4.00,5.00,5.00,5.00,6.00,6.00,7.00,7.00,7.00
Mujeres,107,0.00,0.00,0.00,0.00,0.00,0.00,0.00,0.00,0.00,0.00,0.00,0.00,0.00,0.00,0.00,0.00,0.00,0.00,0.00,0.00,0.00,0.00,0.00,0.00,0.00,0.00,0.00,0.00,1.00,1.00,1.00,2.00,2.00,2.00,2.00,2.00,2.00,2.00,2.00,3.00,3.00,3.00,3.00,5.00,4.00,5.00,5.00
Mujeres,108,0.00,0.00,0.00,0.00,0.00,0.00,0.00,0.00,0.00,0.00,0.00,0.00,0.00,0.00,0.00,0.00,0.00,0.00,0.00,0.00,0.00,0.00,0.00,0.00,0.00,0.00,0.00,0.00,0.00,0.00,0.00,0.00,0.00,0.00,1.00,1.00,1.00,1.00,1.00,1.00,1.00,1.00,1.00,2.00,2.00,3.00,3.00
Mujeres,109,0.00,0.00,0.00,0.00,0.00,0.00,0.00,0.00,0.00,0.00,0.00,0.00,0.00,0.00,0.00,0.00,0.00,0.00,0.00,0.00,0.00,0.00,0.00,0.00,0.00,0.00,0.00,0.00,0.00,0.00,0.00,0.00,0.00,0.00,0.00,0.00,0.00,0.00,0.00,0.00,0.00,0.00,0.00,0.00,1.00,1.00,1.00
