year,edad,S.x..
2016,0,0.991720913
2016,1,0.991720913
2016,2,0.997842251
2016,3,0.998880071
2016,4,0.999267194
2016,5,0.998600809
2016,6,0.995768358
2016,7,0.999903751
2016,8,0.999803364
2016,9,0.99962428
2016,10,0.999601634
2016,11,0.999095502
2016,12,0.998136557
2016,13,0.999787388
2016,14,0.999609093
2016,15,0.999372819
2016,16,0.999164295
2016,17,0.998516119
2016,18,0.997673554
2016,19,0.999203409
2016,20,0.998826178
2016,21,0.99849932
2016,22,0.998050869
2016,23,0.997051571
2016,24,0.998824668
2016,25,0.998442676
2016,26,0.997949048
2016,27,0.99775267
2016,28,0.997038917
2016,29,0.995352142
2016,30,0.998463631
2016,31,0.997992397
2016,32,0.997355154
2016,33,0.997148881
2016,34,0.995956726
2016,35,0.993589542
2016,36,0.998150754
2016,37,0.997516423
2016,38,0.996739622
2016,39,0.996472588
2016,40,0.994635903
2016,41,0.991926403
2016,42,0.997441374
2016,43,0.99654627
2016,44,0.995699656
2016,45,0.994900494
2016,46,0.992504195
2016,47,0.989812503
2016,48,0.995963916
2016,49,0.994683305
2016,50,0.993823194
2016,51,0.992340564
2016,52,0.98886575
2016,53,0.994797565
2016,54,0.993294786
2016,55,0.99145511
2016,56,0.990392353
2016,57,0.987986566
2016,58,0.983327834
2016,59,0.991025164
2016,60,0.988794884
2016,61,0.986138687
2017,0,0.939437829
2017,1,0.939437829
2017,2,0.998609908
2017,3,0.999507572
2017,4,0.999347444
2017,5,0.999448368
2017,6,0.998867229
2017,7,0.996617468
2017,8,0.99990002
2017,9,0.999799108
2017,10,0.99962311
2017,11,0.999588894
2017,12,0.999097043
2017,13,0.99819738
2017,14,0.999736846
2017,15,0.999528397
2017,16,0.999260292
2017,17,0.999025624
2017,18,0.99833726
2017,19,0.997456319
2017,20,0.999072167
2017,21,0.998673986
2017,22,0.998337556
2017,23,0.997873747
2017,24,0.996817546
2017,25,0.998751803
2017,26,0.998361689
2017,27,0.997853241
2017,28,0.997661381
2017,29,0.996918775
2017,30,0.99513991
2017,31,0.998435292
2017,32,0.997947377
2017,33,0.997285309
2017,34,0.997070622
2017,35,0.99583233
2017,36,0.993381868
2017,37,0.998088463
2017,38,0.997424119
2017,39,0.996612714
2017,40,0.996325547
2017,41,0.994430268
2017,42,0.99166194
2017,43,0.997281798
2017,44,0.996339343
2017,45,0.995448348
2017,46,0.994606671
2017,47,0.992134612
2017,48,0.989376731
2017,49,0.99564687
2017,50,0.994295152
2017,51,0.993380899
2017,52,0.991823004
2017,53,0.988224284
2017,54,0.994333161
2017,55,0.992736328
2017,56,0.990790587
2017,57,0.989654496
2017,58,0.987122327
2017,59,0.982270572
2017,60,0.990231065
2017,61,0.987859814
2018,0,0.966862542
2018,1,0.966862542
2018,2,0.965882256
2018,3,0.999783505
2018,4,0.99970842
2018,5,0.999506606
2018,6,0.999543221
2018,7,0.999054611
2018,8,0.997282506
2018,9,0.999892525
2018,10,0.999788449
2018,11,0.999609306
2018,12,0.999560688
2018,13,0.999065648
2018,14,0.998195008
2018,15,0.999669474
2018,16,0.999427691
2018,17,0.999127672
2018,18,0.998869723
2018,19,0.998139527
2018,20,0.997214438
2018,21,0.99894262
2018,22,0.998526885
2018,23,0.998183624
2018,24,0.997705573
2018,25,0.996589006
2018,26,0.99869136
2018,27,0.998292647
2018,28,0.997768249
2018,29,0.997579226
2018,30,0.996806538
2018,31,0.994936092
2018,32,0.998407094
2018,33,0.997900697
2018,34,0.997212222
2018,35,0.996986889
2018,36,0.995701971
2018,37,0.993172957
2018,38,0.998014448
2018,39,0.997317774
2018,40,0.99646961
2018,41,0.996160411
2018,42,0.994204918
2018,43,0.991377848
2018,44,0.997101438
2018,45,0.996108255
2018,46,0.995170046
2018,47,0.994282906
2018,48,0.991729909
2018,49,0.988900171
2018,50,0.995297695
2018,51,0.993870153
2018,52,0.992898261
2018,53,0.991259752
2018,54,0.987527295
2018,55,0.993825992
2018,56,0.992128221
2018,57,0.990069165
2018,58,0.988854893
2018,59,0.986187653
2018,60,0.981130566
2018,61,0.989368335
2019,0,0.976874595
2019,1,0.976874595
2019,2,0.991709056
2019,3,0.989696984
2019,4,0.999869702
2019,5,0.999772664
2019,6,0.999590349
2019,7,0.999606741
2019,8,0.999167417
2019,9,0.997721362
2019,10,0.999881192
2019,11,0.999770192
2019,12,0.99958066
2019,13,0.999513883
2019,14,0.999001439
2019,15,0.998137058
2019,16,0.999584395
2019,17,0.999308747
2019,18,0.998978865
2019,19,0.998701409
2019,20,0.997928334
2019,21,0.996953758
2019,22,0.998819231
2019,23,0.998388557
2019,24,0.998040211
2019,25,0.997548211
2019,26,0.996368065
2019,27,0.99864217
2019,28,0.998233828
2019,29,0.99769225
2019,30,0.997504097
2019,31,0.996700118
2019,32,0.994739147
2019,33,0.998376696
2019,34,0.997849964
2019,35,0.997133472
2019,36,0.996895204
2019,37,0.995563176
2019,38,0.992960211
2019,39,0.997927288
2019,40,0.997195768
2019,41,0.996308476
2019,42,0.995975216
2019,43,0.993957419
2019,44,0.991070406
2019,45,0.99689866
2019,46,0.995851324
2019,47,0.994862627
2019,48,0.993927024
2019,49,0.991287604
2019,50,0.988380061
2019,51,0.994914179
2019,52,0.993405897
2019,53,0.99237227
2019,54,0.990647238
2019,55,0.986770995
2019,56,0.99327218
2019,57,0.991466627
2019,58,0.989287034
2019,59,0.987988516
2019,60,0.985177692
2019,61,0.979901877
2020,0,0.980124998
2020,1,0.980124998
2020,2,0.996087813
2020,3,0.997419996
2020,4,0.994242343
2020,5,0.999895231
2020,6,0.999807728
2020,7,0.999645973
2020,8,0.99963102
2020,9,0.999236919
2020,10,0.998012584
2020,11,0.99986476
2020,12,0.999741769
2020,13,0.999533968
2020,14,0.9994457
2020,15,0.998905152
2020,16,0.998030203
2020,17,0.999482855
2020,18,0.999175246
2020,19,0.998818629
2020,20,0.998526091
2020,21,0.997709058
2020,22,0.996679858
2020,23,0.99870553
2020,24,0.998261496
2020,25,0.997908846
2020,26,0.99740262
2020,27,0.996155882
2020,28,0.998602341
2020,29,0.998183165
2020,30,0.997623089
2020,31,0.99743348
2020,32,0.996597004
2020,33,0.994547702
2020,34,0.998341936
2020,35,0.997793015
2020,36,0.997046624
2020,37,0.996793266
2020,38,0.995413558
2020,39,0.992740296
2020,40,0.997825567
2020,41,0.99705644
2020,42,0.996127377
2020,43,0.995768216
2020,44,0.993685388
2020,45,0.990736314
2020,46,0.996671874
2020,47,0.995566503
2020,48,0.994524126
2020,49,0.993537093
2020,50,0.990804977
2020,51,0.98781228
2020,52,0.994493968
2020,53,0.99289947
2020,54,0.991799534
2020,55,0.989982331
2020,56,0.985952184
2020,57,0.992668121
2020,58,0.990747994
2020,59,0.988439099
2020,60,0.987050669
2020,61,0.984087064
2021,0,0.987849162
2021,1,0.987849162
2021,2,0.997028868
2021,3,0.998749055
2021,4,0.998520683
2021,5,0.995990035
2021,6,0.999909761
2021,7,0.999829325
2021,8,0.999665298
2021,9,0.999640468
2021,10,0.999275499
2021,11,0.998199351
2021,12,0.999840904
2021,13,0.999699756
2021,14,0.999466374
2021,15,0.99935465
2021,16,0.998778849
2021,17,0.997880574
2021,18,0.999368157
2021,19,0.999031809
2021,20,0.998652391
2021,21,0.998349121
2021,22,0.997486625
2021,23,0.996397326
2021,24,0.998603718
2021,25,0.998147018
2021,26,0.997790089
2021,27,0.997268751
2021,28,0.995953047
2021,29,0.998569717
2021,30,0.998138376
2021,31,0.997558203
2021,32,0.997364753
2021,33,0.996494704
2021,34,0.994360088
2021,35,0.998300939
2021,36,0.997727671
2021,37,0.996949413
2021,38,0.996678949
2021,39,0.995250681
2021,40,0.992509985
2021,41,0.997707783
2021,42,0.996898017
2021,43,0.995924615
2021,44,0.995537665
2021,45,0.993386491
2021,46,0.990372401
2021,47,0.996419112
2021,48,0.99525205
2021,49,0.994152727
2021,50,0.993110456
2021,51,0.9902787
2021,52,0.987194064
2021,53,0.994034348
2021,54,0.992347561
2021,55,0.991177149
2021,56,0.989261355
2021,57,0.985065901
2021,58,0.992010477
2021,59,0.989967068
2021,60,0.987520707
2021,61,0.986036244
2022,0,0.99254086
2022,1,0.99254086
2022,2,0.998031527
2022,3,0.999060862
2022,4,0.999272669
2022,5,0.998915703
2022,6,0.996836344
2022,7,0.999917665
2022,8,0.999829904
2022,9,0.999671467
2022,10,0.999638114
2022,11,0.999287697
2022,12,0.998306004
2022,13,0.999806477
2022,14,0.999640887
2022,15,0.999376308
2022,16,0.999241036
2022,17,0.998625827
2022,18,0.997693994
2022,19,0.999244682
2022,20,0.998883865
2022,21,0.998485511
2022,22,0.998175158
2022,23,0.997265151
2022,24,0.996110781
2022,25,0.998514789
2022,26,0.998045429
2022,27,0.99768349
2022,28,0.997145791
2022,29,0.995759539
2022,30,0.998542029
2022,31,0.9980968
2022,32,0.997494975
2022,33,0.997295299
2022,34,0.996390716
2022,35,0.994173887
2022,36,0.998251809
2022,37,0.997651896
2022,38,0.996839759
2022,39,0.996550292
2022,40,0.995072245
2022,41,0.992266275
2022,42,0.997572304
2022,43,0.996719015
2022,44,0.995698489
2022,45,0.995281681
2022,46,0.993058488
2022,47,0.989975554
2022,48,0.996138849
2022,49,0.994906265
2022,50,0.993745793
2022,51,0.992644421
2022,52,0.989706162
2022,53,0.986521246
2022,54,0.993532188
2022,55,0.991747374
2022,56,0.990501326
2022,57,0.98847992
2022,58,0.98410732
2022,59,0.991293933
2022,60,0.989119345
2022,61,0.98652682
2023,0,0.949087957
2023,1,0.949087957
2023,2,0.998738726
2023,3,0.999587078
2023,4,0.999450907
2023,5,0.999452333
2023,6,0.999116699
2023,7,0.997447535
2023,8,0.999913502
2023,9,0.999824317
2023,10,0.999666993
2023,11,0.999623622
2023,12,0.999274102
2023,13,0.998346716
2023,14,0.999758228
2023,15,0.999562997
2023,16,0.999263997
2023,17,0.999107106
2023,18,0.998450414
2023,19,0.997477134
2023,20,0.999117764
2023,21,0.998736774
2023,22,0.998322611
2023,23,0.998008029
2023,24,0.99704825
2023,25,0.995823795
2023,26,0.998438692
2023,27,0.997956041
2023,28,0.997587809
2023,29,0.99703241
2023,30,0.995574672
2023,31,0.998516679
2023,32,0.998055919
2023,33,0.997430791
2023,34,0.997222588
2023,35,0.996282446
2023,36,0.99398658
2023,37,0.998192761
2023,38,0.997563846
2023,39,0.996715762
2023,40,0.996405425
2023,41,0.994876054
2023,42,0.992006065
2023,43,0.997417797
2023,44,0.996517922
2023,45,0.995447146
2023,46,0.994998458
2023,47,0.992698924
2023,48,0.989541351
2023,49,0.995829497
2023,50,0.994526544
2023,51,0.993300786
2023,52,0.99213651
2023,53,0.989083722
2023,54,0.98578954
2023,55,0.992984913
2023,56,0.991095078
2023,57,0.989767908
2023,58,0.987633904
2023,59,0.983072552
2023,60,0.990514129
2023,61,0.98820003
2024,0,0.969946159
2024,1,0.969946159
2024,2,0.975969377
2024,3,0.999818462
2024,4,0.999754646
2024,5,0.999582097
2024,6,0.999546426
2024,7,0.999256586
2024,8,0.997907415
2024,9,0.999906
2024,10,0.99981306
2024,11,0.999651315
2024,12,0.999594721
2024,13,0.999233453
2024,14,0.998330289
2024,15,0.999693701
2024,16,0.999465625
2024,17,0.999131633
2024,18,0.998956789
2024,19,0.99825773
2024,20,0.99723602
2024,21,0.998992693
2024,22,0.998595082
2024,23,0.998167456
2024,24,0.99785059
2024,25,0.99683847
2024,26,0.995539455
2024,27,0.998374422
2024,28,0.997877374
2024,29,0.997501349
2024,30,0.996926808
2024,31,0.995397609
2024,32,0.998491344
2024,33,0.998013233
2024,34,0.997363139
2024,35,0.997144202
2024,36,0.996167277
2024,37,0.993795782
2024,38,0.998122183
2024,39,0.997461907
2024,40,0.996575605
2024,41,0.996242495
2024,42,0.994659832
2024,43,0.991725728
2024,44,0.997242885
2024,45,0.996293023
2024,46,0.995168809
2024,47,0.994685849
2024,48,0.99230493
2024,49,0.989066572
2024,50,0.995488505
2024,51,0.994110523
2024,52,0.992815263
2024,53,0.99158357
2024,54,0.988407477
2024,55,0.984994785
2024,56,0.992388644
2024,57,0.990386632
2024,58,0.988973025
2024,59,0.986718501
2024,60,0.981956501
2024,61,0.989666488
2025,0,0.976263979
2025,1,0.976263979
2025,2,0.993295441
2025,3,0.993026324
2025,4,0.999890356
2025,5,0.99980744
2025,6,0.999651643
2025,7,0.999609404
2025,8,0.999333835
2025,9,0.99821055
2025,10,0.999895002
2025,11,0.999794881
2025,12,0.999622054
2025,13,0.999548161
2025,14,0.999164536
2025,15,0.99826291
2025,16,0.999611921
2025,17,0.99935043
2025,18,0.998983123
2025,19,0.998794852
2025,20,0.998053163
2025,21,0.996976473
2025,22,0.998873901
2025,23,0.998462437
2025,24,0.998022752
2025,25,0.997704558
2025,26,0.996637613
2025,27,0.995259979
2025,28,0.998320205
2025,29,0.997807537
2025,30,0.997422039
2025,31,0.996826809
2025,32,0.995226475
2025,33,0.998463734
2025,34,0.997966392
2025,35,0.997289647
2025,36,0.997057707
2025,37,0.996042777
2025,38,0.993598917
2025,39,0.998038699
2025,40,0.997344507
2025,41,0.996417479
2025,42,0.996059556
2025,43,0.994421348
2025,44,0.991421752
2025,45,0.997045951
2025,46,0.996042661
2025,47,0.994861351
2025,48,0.99434183
2025,49,0.991874187
2025,50,0.988548457
2025,51,0.995113699
2025,52,0.993655801
2025,53,0.9922862
2025,54,0.990982082
2025,55,0.987673831
2025,56,0.984134137
2025,57,0.991739595
2025,58,0.989618284
2025,59,0.98811163
2025,60,0.985728902
2025,61,0.980753341
2026,0,0.982121653
2026,1,0.982121653
2026,2,0.995879672
2026,3,0.997892886
2026,4,0.996075291
2026,5,0.999911254
2026,6,0.999836499
2026,7,0.99969723
2026,8,0.999633339
2026,9,0.999379115
2026,10,0.998409731
2026,11,0.999879276
2026,12,0.999767236
2026,13,0.999575885
2026,14,0.999481037
2026,15,0.999067155
2026,16,0.998150309
2026,17,0.999514023
2026,18,0.999221022
2026,19,0.998823219
2026,20,0.99862672
2026,21,0.997842064
2026,22,0.996704045
2026,23,0.998764888
2026,24,0.998341266
2026,25,0.997890045
2026,26,0.997570716
2026,27,0.996446509
2026,28,0.994987271
2026,29,0.998273947
2026,30,0.997744333
2026,31,0.9973474
2026,32,0.996729865
2026,33,0.995059512
2026,34,0.998431744
2026,35,0.997913295
2026,36,0.997207931
2026,37,0.996960843
2026,38,0.995906644
2026,39,0.993392888
2026,40,0.997940934
2026,41,0.997210023
2026,42,0.996239473
2026,43,0.995854888
2026,44,0.994158404
2026,45,0.991090987
2026,46,0.99682542
2026,47,0.995764807
2026,48,0.99452281
2026,49,0.99396455
2026,50,0.99140399
2026,51,0.987982945
2026,52,0.994702735
2026,53,0.993159512
2026,54,0.99171019
2026,55,0.990328983
2026,56,0.986879424
2026,57,0.983202354
2026,58,0.991034265
2026,59,0.988784896
2026,60,0.987179039
2026,61,0.984659805
2027,0,0.98905871
2027,1,0.98905871
2027,2,0.997268593
2027,3,0.998683975
2027,4,0.998787138
2027,5,0.997227166
2027,6,0.999923265
2027,7,0.999854016
2027,8,0.999710503
2027,9,0.999642558
2027,10,0.999400995
2027,11,0.998532944
2027,12,0.99985658
2027,13,0.999726735
2027,14,0.999509811
2027,15,0.999391721
2027,16,0.998942692
2027,17,0.997998008
2027,18,0.999403215
2027,19,0.999081978
2027,20,0.998657349
2027,21,0.998457751
2027,22,0.997629287
2027,23,0.996423311
2027,24,0.998667797
2027,25,0.998232809
2027,26,0.997769913
2027,27,0.997448836
2027,28,0.996265353
2027,29,0.994722612
2027,30,0.998233357
2027,31,0.997685161
2027,32,0.997274814
2027,33,0.996633449
2027,34,0.994894739
2027,35,0.998393559
2027,36,0.997851821
2027,37,0.99711577
2027,38,0.996851532
2027,39,0.995756628
2027,40,0.993174721
2027,41,0.997827416
2027,42,0.997056713
2027,43,0.996039924
2027,44,0.99562677
2027,45,0.993868802
2027,46,0.990730409
2027,47,0.996579338
2027,48,0.995457776
2027,49,0.994151368
2027,50,0.993551365
2027,51,0.990891188
2027,52,0.987367282
2027,53,0.994252936
2027,54,0.992618386
2027,55,0.991084312
2027,56,0.98962056
2027,57,0.986019448
2027,58,0.982194205
2027,59,0.990267376
2027,60,0.987881847
2027,61,0.986170164
2028,0,0.930322743
2028,1,0.930322743
2028,2,0.998206852
2028,3,0.999212475
2028,4,0.999235582
2028,5,0.999104294
2028,6,0.997792423
2028,7,0.999929566
2028,8,0.999852858
2028,9,0.99971272
2028,10,0.999640054
2028,11,0.999401935
2028,12,0.998595258
2028,13,0.999823849
2028,14,0.99967009
2028,15,0.999422099
2028,16,0.999280385
2028,17,0.998794051
2028,18,0.997811477
2028,19,0.999283815
2028,20,0.998938717
2028,21,0.998490875
2028,22,0.998292575
2028,23,0.997418883
2028,24,0.996138853
2028,25,0.998583565
2028,26,0.998137283
2028,27,0.997661926
2028,28,0.997337913
2028,29,0.996093745
2028,30,0.994466515
2028,31,0.998195778
2028,32,0.997627412
2028,33,0.997201665
2028,34,0.996535036
2028,35,0.994729621
2028,36,0.998347347
2028,37,0.997779988
2028,38,0.997011136
2028,39,0.996727879
2028,40,0.995590596
2028,41,0.992941646
2028,42,0.99769654
2028,43,0.996883132
2028,44,0.99581716
2028,45,0.995373338
2028,46,0.99355043
2028,47,0.990337008
2028,48,0.996306213
2028,49,0.995119895
2028,50,0.993744388
2028,51,0.993099692
2028,52,0.990333205
2028,53,0.986697339
2028,54,0.993761209
2028,55,0.992029678
2028,56,0.990404785
2028,57,0.988852488
2028,58,0.98508928
2028,59,0.981106456
2028,60,0.989434458
2028,61,0.986904154
2029,0,0.951643632
2029,1,0.951643632
2029,2,0.959549292
2029,3,0.999653749
2029,4,0.999537965
2029,5,0.999425495
2029,6,0.99926694
2029,7,0.998197972
2029,8,0.999925164
2029,9,0.999846359
2029,10,0.99970576
2029,11,0.999625477
2029,12,0.999381256
2029,13,0.99860495
2029,14,0.999777869
2029,15,0.999595052
2029,16,0.999312808
2029,17,0.999149183
2029,18,0.998625411
2029,19,0.997597032
2029,20,0.999161121
2029,21,0.998796591
2029,22,0.998328416
2029,23,0.998134971
2029,24,0.997214301
2029,25,0.995854214
2029,26,0.998512079
2029,27,0.998053923
2029,28,0.997564867
2029,29,0.997236447
2029,30,0.99593066
2029,31,0.994219683
2029,32,0.998158727
2029,33,0.997568486
2029,34,0.997125415
2029,35,0.996432053
2029,36,0.994561549
2029,37,0.998291373
2029,38,0.997696001
2029,39,0.996892195
2029,40,0.996588072
2029,41,0.99540649
2029,42,0.992690801
2029,43,0.997546999
2029,44,0.996687802
2029,45,0.995569351
2029,46,0.995092798
2029,47,0.993200924
2029,48,0.98990659
2029,49,0.996004475
2029,50,0.994748573
2029,51,0.993299332
2029,52,0.992607077
2029,53,0.989726528
2029,54,0.985968854
2029,55,0.993225018
2029,56,0.991389543
2029,57,0.989667432
2029,58,0.988020721
2029,59,0.984084736
2029,60,0.979933879
2029,61,0.988530764
2030,0,0.973095725
2030,1,0.973095725
2030,2,0.979214264
2030,3,0.986697726
2030,4,0.999793543
2030,5,0.999646036
2030,6,0.999524746
2030,7,0.999379099
2030,8,0.998485133
2030,9,0.999917783
2030,10,0.999834804
2030,11,0.999688801
2030,12,0.999596547
2030,13,0.999336821
2030,14,0.998567169
2030,15,0.999716148
2030,16,0.999501038
2030,17,0.999184017
2030,18,0.999002003
2030,19,0.998441735
2030,20,0.997360521
2030,21,0.999040394
2030,22,0.998660124
2030,23,0.998173736
2030,24,0.997987672
2030,25,0.997017913
2030,26,0.995572441
2030,27,0.998452282
2030,28,0.997981169
2030,29,0.997477054
2030,30,0.997142509
2030,31,0.995774848
2030,32,0.99398119
2030,33,0.998119741
2030,34,0.997505897
2030,35,0.997043617
2030,36,0.996321902
2030,37,0.994388072
2030,38,0.998224077
2030,39,0.997598303
2030,40,0.996757187
2030,41,0.996430303
2030,42,0.995202172
2030,43,0.992418972
2030,44,0.997377438
2030,45,0.996469033
2030,46,0.995294737
2030,47,0.994783019
2030,48,0.992817655
2030,49,0.989436071
2030,50,0.995671587
2030,51,0.99434149
2030,52,0.992813757
2030,53,0.992070457
2030,54,0.989067355
2030,55,0.985177707
2030,56,0.992640481
2030,57,0.990693996
2030,58,0.988868366
2030,59,0.987120375
2030,60,0.983000795
2030,61,0.978670378
2031,0,0.97641213
2031,1,0.97641213
2031,2,0.994686582
2031,3,0.993900207
2031,4,0.992599611
2031,5,0.999836894
2031,6,0.999703767
2031,7,0.999591399
2031,8,0.999436337
2031,9,0.998672722
2031,10,0.999907204
2031,11,0.999816913
2031,12,0.999659355
2031,13,0.999550007
2031,14,0.99926674
2031,15,0.998485869
2031,16,0.99963762
2031,17,0.999389595
2031,18,0.999039575
2031,19,0.998843588
2031,20,0.998248403
2031,21,0.997107643
2031,22,0.998926041
2031,23,0.998532933
2031,24,0.998029533
2031,25,0.997852262
2031,26,0.996831303
2031,27,0.99529571
2031,28,0.998402361
2031,29,0.997917071
2031,30,0.997396427
2031,31,0.997053776
2031,32,0.995624196
2031,33,0.99375038
2031,34,0.998076522
2031,35,0.997437325
2031,36,0.996953806
2031,37,0.996202174
2031,38,0.994206656
2031,39,0.998144127
2031,40,0.997485366
2031,41,0.996604346
2031,42,0.996252665
2031,43,0.994975625
2031,44,0.992123035
2031,45,0.997186255
2031,46,0.996225188
2031,47,0.994991211
2031,48,0.994442009
2031,49,0.992398437
2031,50,0.988922699
2031,51,0.995305408
2031,52,0.99389626
2031,53,0.992284639
2031,54,0.991486389
2031,55,0.988352225
2031,56,0.984321011
2031,57,0.992003865
2031,58,0.989939342
2031,59,0.988002554
2031,60,0.986146676
2031,61,0.981831771
2032,0,0.983913692
2032,1,0.983913692
2032,2,0.995930794
2032,3,0.998315118
2032,4,0.996558641
2032,5,0.994893797
2032,6,0.999860965
2032,7,0.999741058
2032,8,0.999617684
2032,9,0.999468003
2032,10,0.998792804
2032,11,0.999892232
2032,12,0.999790187
2032,13,0.999614025
2032,14,0.999482948
2032,15,0.999170302
2032,16,0.998365301
2032,17,0.999543309
2032,18,0.999264254
2032,19,0.998884202
2032,20,0.998679368
2032,21,0.998050752
2032,22,0.996843807
2032,23,0.998821525
2032,24,0.99841738
2032,25,0.997897348
2032,26,0.997729358
2032,27,0.996655071
2032,28,0.995025869
2032,29,0.998360196
2032,30,0.997859399
2032,31,0.997320523
2032,32,0.996967657
2032,33,0.995476676
2032,34,0.993526174
2032,35,0.998027026
2032,36,0.997360439
2032,37,0.996853696
2032,38,0.996070598
2032,39,0.994014426
2032,40,0.998050186
2032,41,0.997355602
2032,42,0.996431804
2032,43,0.996053499
2032,44,0.994724856
2032,45,0.991800123
2032,46,0.996971891
2032,47,0.995954258
2032,48,0.994656851
2032,49,0.994067936
2032,50,0.991940578
2032,51,0.988362537
2032,52,0.994903604
2032,53,0.993410059
2032,54,0.991708569
2032,55,0.990851912
2032,56,0.987577676
2032,57,0.983393555
2032,58,0.991311714
2032,59,0.989120404
2032,60,0.987065304
2032,61,0.985094386
2033,0,0.990146162
2033,1,0.990146162
2033,2,0.997495311
2033,3,0.998699938
2033,4,0.999025995
2033,5,0.997556637
2033,6,0.995995405
2033,7,0.999875131
2033,8,0.999749596
2033,9,0.999628467
2033,10,0.999480559
2033,11,0.998861209
2033,12,0.999870707
2033,13,0.999751285
2033,14,0.999549704
2033,15,0.999393733
2033,16,0.999048488
2033,17,0.998210064
2033,18,0.999436326
2033,19,0.999129546
2033,20,0.998723332
2033,21,0.998514705
2033,22,0.997853544
2033,23,0.99657349
2033,24,0.998728937
2033,25,0.998314631
2033,26,0.99777775
2033,27,0.997618572
2033,28,0.996489137
2033,29,0.994764144
2033,30,0.998323496
2033,31,0.997805524
2033,32,0.997246721
2033,33,0.996881571
2033,34,0.995330101
2033,35,0.993306422
2033,36,0.997969195
2033,37,0.997273068
2033,38,0.996741178
2033,39,0.995924984
2033,40,0.993808642
2033,41,0.997940812
2033,42,0.997207301
2033,43,0.996237951
2033,44,0.995831136
2033,45,0.994447809
2033,46,0.991447486
2033,47,0.996732404
2033,48,0.995654605
2033,49,0.994289863
2033,50,0.99365816
2033,51,0.99144108
2033,52,0.987752859
2033,53,0.994463536
2033,54,0.992879658
2033,55,0.991082629
2033,56,0.990163261
2033,57,0.986739016
2033,58,0.98239015
2033,59,0.990558736
2033,60,0.988232596
2033,61,0.98605151
2034,0,0.926822045
2034,1,0.926822045
2034,2,0.998368659
2034,3,0.999339617
2034,4,0.999244676
2034,5,0.999274683
2034,6,0.998048676
2034,7,0.996793344
2034,8,0.99987271
2034,9,0.999748787
2034,10,0.999626986
2034,11,0.99947535
2034,12,0.998885509
2034,13,0.999839658
2034,14,0.999696912
2034,15,0.999464519
2034,16,0.999282527
2034,17,0.99890397
2034,18,0.998025108
2034,19,0.99932092
2034,20,0.998990873
2034,21,0.99856233
2034,22,0.998354211
2034,23,0.997660732
2034,24,0.996301095
2034,25,0.998649158
2034,26,0.998224825
2034,27,0.997670303
2034,28,0.997518726
2034,29,0.996332844
2034,30,0.994510997
2034,31,0.998289612
2034,32,0.997752856
2034,33,0.997172409
2034,34,0.996792975
2034,35,0.995181877
2034,36,0.993088832
2034,37,0.9979011
2034,38,0.997173233
2034,39,0.996614315
2034,40,0.995763258
2034,41,0.993586737
2034,42,0.997814425
2034,43,0.997039051
2034,44,0.996021166
2034,45,0.99558375
2034,46,0.99414251
2034,47,0.991062303
2034,48,0.996466334
2034,49,0.995324585
2034,50,0.993887617
2034,51,0.993210122
2034,52,0.990897398
2034,53,0.987089615
2034,54,0.993982143
2034,55,0.992302361
2034,56,0.990403035
2034,57,0.989416215
2034,58,0.985831773
2034,59,0.981307489
2034,60,0.989740491
2034,61,0.987270986
2035,0,0.957242681
2035,1,0.957242681
2035,2,0.957036321
2035,3,0.999709656
2035,4,0.999611219
2035,5,0.999432071
2035,6,0.999403351
2035,7,0.998400684
2035,8,0.997413893
2035,9,0.999865631
2035,10,0.999740007
2035,11,0.999612999
2035,12,0.999451038
2035,13,0.99886912
2035,14,0.99979591
2035,15,0.999624749
2035,16,0.999358375
2035,17,0.99915148
2035,18,0.998740839
2035,19,0.99781622
2035,20,0.999202347
2035,21,0.998853576
2035,22,0.998405794
2035,23,0.998201642
2035,24,0.997475516
2035,25,0.996029981
2035,26,0.998582018
2035,27,0.998147121
2035,28,0.997573779
2035,29,0.997428177
2035,30,0.996184947
2035,31,0.994267061
2035,32,0.998256102
2035,33,0.997698811
2035,34,0.997095047
2035,35,0.996699339
2035,36,0.99502935
2035,37,0.99287118
2035,38,0.997820996
2035,39,0.997059163
2035,40,0.996471257
2035,41,0.995583406
2035,42,0.993346065
2035,43,0.997669744
2035,44,0.996849406
2035,45,0.995779656
2035,46,0.995309582
2035,47,0.993806694
2035,48,0.990640823
2035,49,0.996172124
2035,50,0.994961616
2035,51,0.993447606
2035,52,0.992721375
2035,53,0.990306134
2035,54,0.986368602
2035,55,0.99345693
2035,56,0.991674309
2035,57,0.989665611
2035,58,0.988606837
2035,59,0.98485156
2035,60,0.980140356
2035,61,0.988852279
2036,0,0.975301855
2036,1,0.975301855
2036,2,0.984935
2036,3,0.985446724
2036,4,0.999826273
2036,5,0.999700189
2036,6,0.999530056
2036,7,0.999491053
2036,8,0.998643928
2036,9,0.997823441
2036,10,0.999854015
2036,11,0.999722251
2036,12,0.999584283
2036,13,0.999405023
2036,14,0.998814065
2036,15,0.999736945
2036,16,0.9995341
2036,17,0.999233235
2036,18,0.999004476
2036,19,0.998563985
2036,20,0.997589006
2036,21,0.999085838
2036,22,0.998722156
2036,23,0.998257457
2036,24,0.998059667
2036,25,0.997299996
2036,26,0.995762971
2036,27,0.998526416
2036,28,0.998079892
2036,29,0.997486493
2036,30,0.997344887
2036,31,0.996043919
2036,32,0.994031367
2036,33,0.998220545
2036,34,0.997640935
2036,35,0.997012177
2036,36,0.996598114
2036,37,0.994870044
2036,38,0.992650863
2036,39,0.997727378
2036,40,0.996929154
2036,41,0.996310169
2036,42,0.99538333
2036,43,0.99308377
2036,44,0.997505431
2036,45,0.996636698
2036,46,0.995511692
2036,47,0.995006526
2036,48,0.993437995
2036,49,0.990180219
2036,50,0.995847253
2036,51,0.994563422
2036,52,0.992967396
2036,53,0.992188878
2036,54,0.989663573
2036,55,0.985585786
2036,56,0.992884014
2036,57,0.990991574
2036,58,0.988866469
2036,59,0.987730138
2036,60,0.983793413
2036,61,0.978882684
2037,0,0.976794311
2037,1,0.976794311
2037,2,0.995537794
2037,3,0.995475678
2037,4,0.991916211
2037,5,0.999861842
2037,6,0.999748093
2037,7,0.999595806
2037,8,0.999531287
2037,9,0.998801915
2037,10,0.99809486
2037,11,0.999836576
2037,12,0.999692968
2037,13,0.999537621
2037,14,0.999335032
2037,15,0.998722337
2037,16,0.999661614
2037,17,0.999426394
2037,18,0.99909289
2037,19,0.998846258
2037,20,0.998378797
2037,21,0.997348989
2037,22,0.998975768
2037,23,0.998600199
2037,24,0.998119937
2037,25,0.997929798
2037,26,0.997135418
2037,27,0.995501991
2037,28,0.998480502
2037,29,0.998021137
2037,30,0.997406378
2037,31,0.997266418
2037,32,0.995907508
2037,33,0.993803208
2037,34,0.998180693
2037,35,0.997576965
2037,36,0.996921328
2037,37,0.996486936
2037,38,0.994701473
2037,39,0.992424433
2037,40,0.997618763
2037,41,0.996781481
2037,42,0.996129117
2037,43,0.995161082
2037,44,0.99279707
2037,45,0.997319904
2037,46,0.99639931
2037,47,0.995215192
2037,48,0.994672666
2037,49,0.993034379
2037,50,0.989677749
2037,51,0.99548961
2037,52,0.994127629
2037,53,0.992443991
2037,54,0.991609207
2037,55,0.98896638
2037,56,0.984738196
2037,57,0.992259711
2037,58,0.990250516
2037,59,0.988000578
2037,60,0.986781401
2037,61,0.982651758
2038,0,0.985522743
2038,1,0.985522743
2038,2,0.996060831
2038,3,0.998577572
2038,4,0.997433265
2038,5,0.994440469
2038,6,0.999881771
2038,7,0.999778535
2038,8,0.999621511
2038,9,0.999551436
2038,10,0.998901618
2038,11,0.99826798
2038,12,0.99981087
2038,13,0.999648727
2038,14,0.999470144
2038,15,0.999240037
2038,16,0.998596865
2038,17,0.999570827
2038,18,0.999305085
2038,19,0.998942024
2038,20,0.998682256
2038,21,0.998190614
2038,22,0.997101353
2038,23,0.998875567
2038,24,0.998490003
2038,25,0.997994687
2038,26,0.997812569
2038,27,0.996982031
2038,28,0.995248577
2038,29,0.998442138
2038,30,0.997968601
2038,31,0.997330967
2038,32,0.997190155
2038,33,0.99577352
2038,34,0.993581462
2038,35,0.998134564
2038,36,0.997504627
2038,37,0.996820204
2038,38,0.9963636
2038,39,0.994520942
2038,40,0.992188535
2038,41,0.997493595
2038,42,0.996614313
2038,43,0.995926405
2038,44,0.994914732
2038,45,0.992483344
2038,46,0.997111612
2038,47,0.996135248
2038,48,0.994888307
2038,49,0.994306212
2038,50,0.992593169
2038,51,0.989129731
2038,52,0.995096873
2038,53,0.993651456
2038,54,0.99187401
2038,55,0.990979423
2038,56,0.988211005
2038,57,0.983820682
2038,58,0.991580611
2038,59,0.989445927
2038,60,0.987063243
2038,61,0.985755476
2039,0,0.991124137
2039,1,0.991124137
2039,2,0.997708194
2039,3,0.998740605
2039,4,0.999175021
2039,5,0.998157407
2039,6,0.995649017
2039,7,0.999893189
2039,8,0.999783404
2039,9,0.999631907
2039,10,0.999556186
2039,11,0.9989559
2039,12,0.998365105
2039,13,0.999773624
2039,14,0.999586343
2039,15,0.999380267
2039,16,0.99912076
2039,17,0.998441453
2039,18,0.999467597
2039,19,0.999174648
2039,20,0.998786073
2039,21,0.998517831
2039,22,0.998004149
2039,23,0.996850415
2039,24,0.998787272
2039,25,0.998392668
2039,26,0.997882172
2039,27,0.997707511
2039,28,0.996839349
2039,29,0.995003643
2039,30,0.99840904
2039,31,0.997919636
2039,32,0.997257637
2039,33,0.997113489
2039,34,0.995639645
2039,35,0.993363957
2039,36,0.998080162
2039,37,0.997421798
2039,38,0.996706688
2039,39,0.996226027
2039,40,0.994325896
2039,41,0.991940049
2039,42,0.997350193
2039,43,0.996426092
2039,44,0.99570033
2039,45,0.994642268
2039,46,0.99214008
2039,47,0.99687863
2039,48,0.99584292
2039,49,0.994529282
2039,50,0.993904532
2039,51,0.992111543
2039,52,0.988533484
2039,53,0.994666436
2039,54,0.993131711
2039,55,0.991254563
2039,56,0.990295751
2039,57,0.987392868
2039,58,0.982828147
2039,59,0.990841411
2039,60,0.988573249
2039,61,0.98604936
2040,0,0.932336978
2040,1,0.932336978
2040,2,0.998517525
2040,3,0.999446236
2040,4,0.999267852
2040,5,0.999381773
2040,6,0.998518251
2040,7,0.996525139
2040,8,0.999889881
2040,9,0.99978032
2040,10,0.999630173
2040,11,0.999545984
2040,12,0.998970502
2040,13,0.998399121
2040,14,0.999721548
2040,15,0.999503818
2040,16,0.999268201
2040,17,0.998979716
2040,18,0.99826065
2040,19,0.999356101
2040,20,0.999040466
2040,21,0.998630403
2040,22,0.998357596
2040,23,0.997823293
2040,24,0.996600251
2040,25,0.998711715
2040,26,0.998308256
2040,27,0.997781854
2040,28,0.997613361
2040,29,0.996706342
2040,30,0.994767353
2040,31,0.998378571
2040,32,0.997871673
2040,33,0.997183778
2040,34,0.997033875
2040,35,0.995503267
2040,36,0.993148384
2040,37,0.998015611
2040,38,0.99732655
2040,39,0.99657883
2040,40,0.99607224
2040,41,0.994113925
2040,42,0.991675751
2040,43,0.99718718
2040,44,0.99621524
2040,45,0.995449042
2040,46,0.994341757
2040,47,0.991764624
2040,48,0.996619523
2040,49,0.995520706
2040,50,0.994135495
2040,51,0.993465124
2040,52,0.991586995
2040,53,0.987885123
2040,54,0.994195273
2040,55,0.992565746
2040,56,0.990581856
2040,57,0.989553996
2040,58,0.986507629
2040,59,0.98175713
2040,60,0.990037701
2040,61,0.987627604
2041,0,0.964625356
2041,1,0.964625356
2041,2,0.960974885
2041,3,0.999756536
2041,4,0.999672858
2041,5,0.999448844
2041,6,0.99948948
2041,7,0.99877443
2041,8,0.997213728
2041,9,0.999882483
2041,10,0.999770263
2041,11,0.999616039
2041,12,0.999518976
2041,13,0.998947626
2041,14,0.998378045
2041,15,0.999652264
2041,16,0.999400914
2041,17,0.999136132
2041,18,0.998820938
2041,19,0.998059817
2041,20,0.999241546
2041,21,0.998907864
2041,22,0.998479593
2041,23,0.998205304
2041,24,0.997651084
2041,25,0.996353892
2041,26,0.998648672
2041,27,0.99823586
2041,28,0.997692403
2041,29,0.997528402
2041,30,0.996581446
2041,31,0.994539962
2041,32,0.998348332
2041,33,0.997822157
2041,34,0.997106849
2041,35,0.996948842
2041,36,0.995361723
2041,37,0.992932507
2041,38,0.997939216
2041,39,0.997217173
2041,40,0.996434767
2041,41,0.995900304
2041,42,0.993882543
2041,43,0.991391803
2041,44,0.997003136
2041,45,0.995979997
2041,46,0.995170761
2041,47,0.994010965
2041,48,0.991353624
2041,49,0.99633275
2041,50,0.995166035
2041,51,0.993704497
2041,52,0.992985556
2041,53,0.991016262
2041,54,0.987180565
2041,55,0.993680926
2041,56,0.991949692
2041,57,0.989851745
2041,58,0.988750247
2041,59,0.985550732
2041,60,0.980602445
2041,61,0.989164828
2042,0,0.976243718
2042,1,0.976243718
2042,2,0.990401361
2042,3,0.987392514
2042,4,0.999853813
2042,5,0.999746055
2042,6,0.999543606
2042,7,0.999562168
2042,8,0.998940693
2042,9,0.997668075
2042,10,0.999870989
2042,11,0.9997521
2042,12,0.999587268
2042,13,0.999472204
2042,14,0.998888493
2042,15,0.998307583
2042,16,0.999564965
2042,17,0.99927948
2042,18,0.99898796
2042,19,0.99864927
2042,20,0.997844398
2042,21,0.99912913
2042,22,0.998781318
2042,23,0.998337343
2042,24,0.998063621
2042,25,0.99748944
2042,26,0.996113746
2042,27,0.998597001
2042,28,0.998173791
2042,29,0.997612048
2042,30,0.997450551
2042,31,0.996462761
2042,32,0.994320253
2042,33,0.99831595
2042,34,0.997768669
2042,35,0.997024395
2042,36,0.996855899
2042,37,0.995212532
2042,38,0.992713723
2042,39,0.997849523
2042,40,0.997092015
2042,41,0.996272656
2042,42,0.995708195
2042,43,0.993629165
2042,44,0.991084494
2042,45,0.996796413
2042,46,0.995718663
2042,47,0.994863364
2042,48,0.993647611
2042,49,0.990904484
2042,50,0.996015802
2042,51,0.994776671
2042,52,0.993233866
2042,53,0.992462835
2042,54,0.99039574
2042,55,0.98641595
2042,56,0.993119513
2042,57,0.991279676
2042,58,0.989060379
2042,59,0.987879493
2042,60,0.984517269
2042,61,0.979358083
2043,0,0.978817966
2043,1,0.978817966
2043,2,0.995872649
2043,3,0.99703604
2043,4,0.992979581
2043,5,0.999882973
2043,6,0.999785787
2043,7,0.999607061
2043,8,0.999592373
2043,9,0.999046555
2043,10,0.997969749
2043,11,0.999854123
2043,12,0.999723258
2043,13,0.999540632
2043,14,0.999403065
2043,15,0.998794571
2043,16,0.99819315
2043,17,0.999460972
2043,18,0.999143242
2043,19,0.998828435
2043,20,0.998470114
2043,21,0.997619796
2043,22,0.999023193
2043,23,0.998664383
2043,24,0.998206197
2043,25,0.997934056
2043,26,0.99733939
2043,27,0.995881291
2043,28,0.998554823
2043,29,0.998120008
2043,30,0.997538664
2043,31,0.997377316
2043,32,0.996347851
2043,33,0.994107236
2043,34,0.998279227
2043,35,0.997709006
2043,36,0.99693395
2043,37,0.996752735
2043,38,0.995053251
2043,39,0.992488606
2043,40,0.99774509
2043,41,0.996949389
2043,42,0.996090555
2043,43,0.995494079
2043,44,0.993351264
2043,45,0.990750527
2043,46,0.996565412
2043,47,0.995429178
2043,48,0.994524887
2043,49,0.993249705
2043,50,0.990414476
2043,51,0.995666598
2043,52,0.994350251
2043,53,0.992720658
2043,54,0.991893581
2043,55,0.989722245
2043,56,0.985588142
2043,57,0.992507399
2043,58,0.99055211
2043,59,0.988202697
2043,60,0.986937027
2043,61,0.983401767
2044,0,0.986968051
2044,1,0.986968051
2044,2,0.996706425
2044,3,0.998681784
2044,4,0.998305015
2044,5,0.995146495
2044,6,0.999899463
2044,7,0.999810583
2044,8,0.999631299
2044,9,0.999605776
2044,10,0.99911027
2044,11,0.998163712
2044,12,0.999829511
2044,13,0.999680302
2044,14,0.999473254
2044,15,0.999310241
2044,16,0.998668435
2044,17,0.99804007
2044,18,0.999343647
2044,19,0.998996848
2044,20,0.998662986
2044,21,0.998288815
2044,22,0.997390992
2044,23,0.998927131
2044,24,0.998559297
2044,25,0.998087524
2044,26,0.997817138
2044,27,0.997200952
2044,28,0.995657506
2044,29,0.998519989
2044,30,0.998072237
2044,31,0.997469725
2044,32,0.997306076
2044,33,0.996234317
2044,34,0.993899551
2044,35,0.998236246
2044,36,0.997640949
2044,37,0.99683322
2044,38,0.996637216
2044,39,0.994881314
2044,40,0.992253828
2044,41,0.997624394
2044,42,0.996787501
2044,43,0.995886755
2044,44,0.995256132
2044,45,0.993046404
2044,46,0.99038674
2044,47,0.996308154
2044,48,0.99510976
2044,49,0.994153513
2044,50,0.992814577
2044,51,0.989880152
2044,52,0.995282828
2044,53,0.993884035
2044,54,0.992161533
2044,55,0.99127491
2044,56,0.98899213
2044,57,0.984692123
2044,58,0.991841219
2044,59,0.989761757
2044,60,0.987274024
2044,61,0.985917726
2045,0,0.992003899
2045,1,0.992003899
2045,2,0.997906912
2045,3,0.998943903
2045,4,0.999234334
2045,5,0.998764005
2045,6,0.996188817
2045,7,0.999908633
2045,8,0.999812642
2045,9,0.999640719
2045,10,0.999606022
2045,11,0.999139686
2045,12,0.99827539
2045,13,0.999793952
2045,14,0.999619993
2045,15,0.999383534
2045,16,0.999194197
2045,17,0.998513676
2045,18,0.997853695
2045,19,0.999217412
2045,20,0.998845731
2045,21,0.998496974
2045,22,0.998110052
2045,23,0.997162148
2045,24,0.998842932
2045,25,0.998467095
2045,26,0.997981691
2045,27,0.997712392
2045,28,0.997073388
2045,29,0.99544275
2045,30,0.998490221
2045,31,0.998027819
2045,32,0.997402607
2045,33,0.997234217
2045,34,0.996119707
2045,35,0.993694915
2045,36,0.998185071
2045,37,0.997562427
2045,38,0.996720092
2045,39,0.996507362
2045,40,0.994694293
2045,41,0.992006294
2045,42,0.997485783
2045,43,0.996604838
2045,44,0.995659543
2045,45,0.994992415
2045,46,0.992712247
2045,47,0.989990023
2045,48,0.996023089
2045,49,0.994758686
2045,50,0.993746605
2045,51,0.992339464
2045,52,0.989298878
2045,53,0.994861918
2045,54,0.99337487
2045,55,0.991553659
2045,56,0.990603026
2045,57,0.988200956
2045,58,0.983722987
2045,59,0.991115659
2045,60,0.988904093
2045,61,0.986269284
2046,0,0.941615923
2046,1,0.941615923
2046,2,0.998654121
2046,3,0.999535644
2046,4,0.999383934
2046,5,0.999424592
2046,6,0.998996322
2046,7,0.996943401
2046,8,0.999904733
2046,9,0.99980789
2046,10,0.999638347
2046,11,0.999593056
2046,12,0.999137433
2046,13,0.998319637
2046,14,0.999744176
2046,15,0.999540225
2046,16,0.999271674
2046,17,0.999057286
2046,18,0.998334749
2046,19,0.997640225
2046,20,0.999087622
2046,21,0.998695255
2046,22,0.998335017
2046,23,0.997937677
2046,24,0.99693699
2046,25,0.998771377
2046,26,0.998387769
2046,27,0.997888069
2046,28,0.997618552
2046,29,0.996955437
2046,30,0.995236677
2046,31,0.998462905
2046,32,0.997984215
2046,33,0.997334695
2046,34,0.997159201
2046,35,0.996001406
2046,36,0.993490924
2046,37,0.99812388
2046,38,0.997471562
2046,39,0.996592619
2046,40,0.996361291
2046,41,0.994489886
2046,42,0.991742804
2046,43,0.997327908
2046,44,0.996399863
2046,45,0.995407061
2046,46,0.994701068
2046,47,0.992346268
2046,48,0.989555963
2046,49,0.995708616
2046,50,0.994373347
2046,51,0.993301626
2046,52,0.991821871
2046,53,0.988666926
2046,54,0.994400874
2046,55,0.99282015
2046,56,0.990893219
2046,57,0.989873789
2046,58,0.987344548
2046,59,0.982676967
2046,60,0.990326342
2046,61,0.987974289
2047,0,0.968238701
2047,1,0.968238701
2047,2,0.967350593
2047,3,0.999795847
2047,4,0.999724723
2047,5,0.999533175
2047,6,0.999524017
2047,7,0.999158924
2047,8,0.997526401
2047,9,0.999897219
2047,10,0.999796993
2047,11,0.999623844
2047,12,0.999564754
2047,13,0.999103635
2047,14,0.998305672
2047,15,0.999677756
2047,16,0.999440626
2047,17,0.999139851
2047,18,0.99890348
2047,19,0.99813691
2047,20,0.997405454
2047,21,0.998959582
2047,22,0.998549977
2047,23,0.998180877
2047,24,0.997774615
2047,25,0.996718183
2047,26,0.998712195
2047,27,0.998320352
2047,28,0.997805233
2047,29,0.997533897
2047,30,0.996845351
2047,31,0.995038887
2047,32,0.998435687
2047,33,0.997938899
2047,34,0.997263462
2047,35,0.997078592
2047,36,0.995876767
2047,37,0.993285272
2047,38,0.998051029
2047,39,0.997366704
2047,40,0.996448947
2047,41,0.996197139
2047,42,0.994265713
2047,43,0.991459564
2047,44,0.997149374
2047,45,0.996170844
2047,46,0.995127523
2047,47,0.994379905
2047,48,0.991945421
2047,49,0.989081346
2047,50,0.995362176
2047,51,0.993951344
2047,52,0.992816133
2047,53,0.991258582
2047,54,0.987980334
2047,55,0.993897275
2047,56,0.992216001
2047,57,0.99017613
2047,58,0.989083352
2047,59,0.986418157
2047,60,0.98154894
2047,61,0.989468658
2048,0,0.976962124
2048,1,0.976962124
2048,2,0.992446347
2048,3,0.990358813
2048,4,0.999876986
2048,5,0.999784903
2048,6,0.999611893
2048,7,0.999590794
2048,8,0.999253007
2048,9,0.997911161
2048,10,0.999885987
2048,11,0.999778736
2048,12,0.99959494
2048,13,0.999517964
2048,14,0.999038085
2048,15,0.998239933
2048,16,0.999593782
2048,17,0.999322931
2048,18,0.998991959
2048,19,0.998737577
2048,20,0.997925576
2048,21,0.99715504
2048,22,0.998837743
2048,23,0.99841357
2048,24,0.998037244
2048,25,0.997622659
2048,26,0.996507681
2048,27,0.998664207
2048,28,0.998263103
2048,29,0.997731337
2048,30,0.997456341
2048,31,0.996741014
2048,32,0.994847759
2048,33,0.998406243
2048,34,0.997889495
2048,35,0.997186504
2048,36,0.996989935
2048,37,0.995743332
2048,38,0.993075364
2048,39,0.99796511
2048,40,0.99724625
2048,41,0.996287232
2048,42,0.996012949
2048,43,0.994019369
2048,44,0.991152904
2048,45,0.996948554
2048,46,0.995916107
2048,47,0.9948188
2048,48,0.99402679
2048,49,0.991507287
2048,50,0.988563413
2048,51,0.994981573
2048,52,0.99349027
2048,53,0.992287102
2048,54,0.990646029
2048,55,0.987235411
2048,56,0.993347243
2048,57,0.9915586
2048,58,0.989398603
2048,59,0.98822665
2048,60,0.985416949
2048,61,0.980333025
2049,0,0.980814727
2049,1,0.980814727
2049,2,0.996117098
2049,3,0.997638737
2049,4,0.994605802
2049,5,0.99990087
2049,6,0.999817841
2049,7,0.999663958
2049,8,0.999617159
2049,9,0.999309753
2049,10,0.998165801
2049,11,0.999869783
2049,12,0.999750554
2049,13,0.999548382
2049,14,0.999449895
2049,15,0.998941299
2049,16,0.998128317
2049,17,0.999493461
2049,18,0.999190796
2049,19,0.998832749
2049,20,0.998564993
2049,21,0.997706122
2049,22,0.996894344
2049,23,0.998725626
2049,24,0.998288503
2049,25,0.997905652
2049,26,0.997482683
2049,27,0.996306471
2049,28,0.998625511
2049,29,0.998213943
2049,30,0.99766421
2049,31,0.997383391
2049,32,0.996639901
2049,33,0.99466183
2049,34,0.998372429
2049,35,0.997833859
2049,36,0.997101401
2049,37,0.996890952
2049,38,0.995598741
2049,39,0.992857909
2049,40,0.997864723
2049,41,0.99710855
2049,42,0.996105538
2049,43,0.995806987
2049,44,0.993748496
2049,45,0.990819558
2049,46,0.996723862
2049,47,0.995633613
2049,48,0.994478913
2049,49,0.993639812
2049,50,0.991029151
2049,51,0.987998106
2049,52,0.994564453
2049,53,0.992987227
2049,54,0.991711126
2049,55,0.989981081
2049,56,0.986428874
2049,57,0.992747189
2049,58,0.990844415
2049,59,0.988555527
2049,60,0.987299011
2049,61,0.984335579
2050,0,0.98826675
2050,1,0.98826675
2050,2,0.997110146
2050,3,0.99875823
2050,4,0.99864381
2050,5,0.996234024
2050,6,0.999914507
2050,7,0.999837988
2050,8,0.999681102
2050,9,0.999627995
2050,10,0.999339529
2050,11,0.998327345
2050,12,0.999846311
2050,13,0.999709034
2050,14,0.999481266
2050,15,0.999359037
2050,16,0.998815182
2050,17,0.997976453
2050,18,0.999380067
2050,19,0.999048829
2050,20,0.998667648
2050,21,0.998391082
2050,22,0.997483479
2050,23,0.996627811
2050,24,0.998625413
2050,25,0.998176067
2050,26,0.997786661
2050,27,0.997354554
2050,28,0.996114934
2050,29,0.998593951
2050,30,0.99817059
2050,31,0.997601277
2050,32,0.997312424
2050,33,0.996539509
2050,34,0.994479356
2050,35,0.998332391
2050,36,0.997769831
2050,37,0.997005904
2050,38,0.996779547
2050,39,0.99544063
2050,40,0.992629726
2050,41,0.997748375
2050,42,0.996951843
2050,43,0.99590216
2050,44,0.995577518
2050,45,0.99345078
2050,46,0.990456391
2050,47,0.996473337
2050,48,0.995321638
2050,49,0.994106037
2050,50,0.993216316
2050,51,0.990507753
2050,52,0.987382675
2050,53,0.994108117
2050,54,0.992438918
2050,55,0.991085285
2050,56,0.98926006
2050,57,0.985555839
2050,58,0.99209379
2050,59,0.990068181
2050,60,0.98764226
2050,61,0.986295363
